x,y,speed
0.0000,0.0000,3.2423
0.1047,0.0125,4.3641
0.2103,0.0315,5.5230
0.3137,0.0511,5.6090
0.4161,0.0706,5.6847
0.5267,0.0913,5.7560
0.6269,0.1102,5.7820
0.7302,0.1302,5.7788
0.8354,0.1520,5.7780
0.9420,0.1762,5.7961
1.0505,0.2002,5.8204
1.1599,0.2259,5.8489
1.2704,0.2508,5.8699
1.3818,0.2770,5.8793
1.4931,0.3040,5.8877
1.6040,0.3318,5.8987
1.7151,0.3594,5.9082
1.8263,0.3874,5.9078
1.9383,0.4148,5.9012
2.0503,0.4418,5.8924
2.1627,0.4684,5.8757
2.2757,0.4952,5.8549
2.3880,0.5229,5.8373
2.5001,0.5520,5.8286
2.6124,0.5806,5.8189
2.7242,0.6074,5.8209
2.8341,0.6346,5.8308
2.9439,0.6637,5.8585
3.0539,0.6937,5.8802
3.1646,0.7223,5.9021
3.2754,0.7524,5.9105
3.3857,0.7816,5.9054
3.4955,0.8113,5.8883
3.6058,0.8390,5.8776
3.7163,0.8676,5.8635
3.8273,0.8964,5.8589
3.9380,0.9270,5.8714
4.0486,0.9576,5.8849
4.1586,0.9879,5.8917
4.2691,1.0172,5.8970
4.3800,1.0480,5.9007
4.4916,1.0792,5.8977
4.6029,1.1097,5.8946
4.7146,1.1397,5.8990
4.8257,1.1691,5.9060
4.9364,1.1976,5.9070
5.0471,1.2268,5.9052
5.1583,1.2547,5.9065
5.2702,1.2835,5.9022
5.3823,1.3128,5.9021
5.4939,1.3430,5.9120
5.6045,1.3734,5.9216
5.7148,1.4032,5.9262
5.8253,1.4334,5.9291
5.9359,1.4641,5.9268
6.0466,1.4950,5.9180
6.1571,1.5240,5.9141
6.2679,1.5544,5.9054
6.3784,1.5832,5.9016
6.4892,1.6124,5.9028
6.6007,1.6405,5.9078
6.7110,1.6692,5.9130
6.8215,1.6987,5.9270
6.9322,1.7287,5.9302
7.0432,1.7576,5.9291
7.1547,1.7874,5.9223
7.2657,1.8164,5.9027
7.3767,1.8463,5.8787
7.4872,1.8769,5.8677
7.5970,1.9080,5.8567
7.7074,1.9387,5.8511
7.8175,1.9685,5.8635
7.9283,1.9969,5.8819
8.0395,2.0268,5.8985
8.1501,2.0568,5.9221
8.2610,2.0872,5.9421
8.3719,2.1170,5.9525
8.4829,2.1467,5.9584
8.5937,2.1760,5.9607
8.7044,2.2058,5.9582
8.8150,2.2345,5.9577
8.9258,2.2643,5.9621
9.0370,2.2947,5.9623
9.1483,2.3245,5.9533
9.2595,2.3547,5.9415
9.3705,2.3844,5.9149
9.4811,2.4146,5.8759
9.5918,2.4437,5.8477
9.7032,2.4716,5.8329
9.8153,2.5000,5.8226
9.9256,2.5297,5.8392
10.0360,2.5605,5.8729
10.1470,2.5910,5.9009
10.2580,2.6204,5.9286
10.3693,2.6504,5.9540
10.4808,2.6803,5.9640
10.5925,2.7104,5.9675
10.7044,2.7398,5.9718
10.8161,2.7696,5.9739
10.9268,2.7982,5.9715
11.0366,2.8282,5.9638
11.1472,2.8572,5.9533
11.2576,2.8869,5.9346
11.3680,2.9158,5.9068
11.4786,2.9454,5.8844
11.5889,2.9762,5.8790
11.6986,3.0074,5.8755
11.8093,3.0369,5.8814
11.9207,3.0670,5.8965
12.0324,3.0955,5.9120
12.1439,3.1254,5.9160
12.2555,3.1536,5.9177
12.3658,3.1833,5.9192
12.4763,3.2133,5.9221
12.5870,3.2432,5.9253
12.6976,3.2721,5.9264
12.8082,3.3019,5.9225
12.9192,3.3303,5.9176
13.0306,3.3594,5.9119
13.1414,3.3876,5.9057
13.2518,3.4171,5.9106
13.3627,3.4473,5.9262
13.4735,3.4779,5.9410
13.5845,3.5083,5.9472
13.6952,3.5389,5.9483
13.8065,3.5692,5.9388
13.9182,3.6000,5.9277
14.0288,3.6317,5.9165
14.1383,3.6614,5.9129
14.2489,3.6913,5.9129
14.3595,3.7215,5.9200
14.4696,3.7526,5.9197
14.5800,3.7820,5.9165
14.6902,3.8128,5.9126
14.8005,3.8442,5.9046
14.9110,3.8749,5.8806
15.0208,3.9067,5.8573
15.1299,3.9387,5.8291
15.2394,3.9708,5.7830
15.3483,4.0037,5.7359
15.4557,4.0377,5.7092
15.5632,4.0723,5.6943
15.6709,4.1078,5.6936
15.7771,4.1454,5.7174
15.8827,4.1839,5.7486
15.9886,4.2231,5.7628
16.0958,4.2625,5.7566
16.2026,4.3026,5.7397
16.3090,4.3439,5.7225
16.4149,4.3861,5.7129
16.5202,4.4296,5.7179
16.6252,4.4742,5.7425
16.7299,4.5201,5.7788
16.8352,4.5666,5.7984
16.9407,4.6132,5.7882
17.0452,4.6608,5.7716
17.1494,4.7090,5.7429
17.2536,4.7572,5.6933
17.3568,4.8060,5.6636
17.4580,4.8574,5.6739
17.5595,4.9100,5.6858
17.6618,4.9614,5.7005
17.7641,5.0101,5.7374
17.8670,5.0593,5.7679
17.9700,5.1090,5.7825
18.0728,5.1595,5.8015
18.1747,5.2113,5.8318
18.2763,5.2642,5.8604
18.3775,5.3163,5.8799
18.4789,5.3681,5.8951
18.5802,5.4206,5.9059
18.6817,5.4743,5.9001
18.7840,5.5277,5.8780
18.8868,5.5806,5.8570
18.9901,5.6337,5.8310
19.0926,5.6864,5.8090
19.1939,5.7407,5.7999
19.2949,5.7954,5.8063
19.3948,5.8509,5.8163
19.4950,5.9070,5.8202
19.5947,5.9635,5.8168
19.6948,6.0190,5.8084
19.7960,6.0740,5.7986
19.8966,6.1296,5.7906
19.9945,6.1869,5.7953
20.0931,6.2446,5.7918
20.1929,6.3015,5.7888
20.2932,6.3590,5.7786
20.3924,6.4160,5.7701
20.4895,6.4746,5.7736
20.5864,6.5343,5.7912
20.6834,6.5949,5.8007
20.7808,6.6551,5.8132
20.8790,6.7145,5.8267
20.9769,6.7748,5.8271
21.0740,6.8358,5.8299
21.1702,6.8980,5.8471
21.2663,6.9604,5.8601
21.3628,7.0224,5.8623
21.4590,7.0848,5.8615
21.5552,7.1488,5.8512
21.6516,7.2124,5.8318
21.7466,7.2766,5.8203
21.8419,7.3417,5.8092
21.9360,7.4062,5.7831
22.0276,7.4713,5.7446
22.1200,7.5370,5.6973
22.2131,7.6034,5.6435
22.3049,7.6700,5.5925
22.3935,7.7375,5.5427
22.4799,7.8064,5.4889
22.5658,7.8769,5.4365
22.6528,7.9480,5.3768
22.7390,8.0196,5.3117
22.8199,8.0920,5.2721
22.8962,8.1665,5.2621
22.9728,8.2429,5.2464
23.0497,8.3206,5.2151
23.1246,8.3995,5.1683
23.1961,8.4787,5.0884
23.2644,8.5586,4.9886
23.3302,8.6405,4.8930
23.3938,8.7233,4.7899
23.4526,8.8061,4.6629
23.5081,8.8905,4.5220
23.5685,8.9901,4.3579
23.6251,9.0913,4.1635
23.6737,9.1911,3.9819
23.7129,9.2889,3.8778
23.7450,9.3883,3.8575
23.7727,9.4907,3.9032
23.7931,9.5928,4.0175
23.8060,9.6938,4.1802
23.8156,9.7989,4.3381
23.8213,9.9067,4.4695
23.8234,10.0171,4.5943
23.8204,10.1269,4.7390
23.8112,10.2376,4.9081
23.7987,10.3514,5.0830
23.7851,10.4517,5.2652
23.7694,10.5538,5.4504
23.7523,10.6585,5.6000
23.7340,10.7652,5.6911
23.7142,10.8736,5.7377
23.6931,10.9832,5.7471
23.6725,11.0941,5.7272
23.6515,11.2057,5.6963
23.6292,11.3157,5.6885
23.6042,11.4251,5.7174
23.5772,11.5345,5.7709
23.5504,11.6452,5.8229
23.5238,11.7569,5.8666
23.4969,11.8684,5.8825
23.4698,11.9794,5.8779
23.4418,12.0901,5.8613
23.4142,12.2010,5.8481
23.3854,12.3113,5.8405
23.3557,12.4202,5.8529
23.3257,12.5292,5.8610
23.2960,12.6393,5.8687
23.2664,12.7502,5.8773
23.2350,12.8590,5.8965
23.2039,12.9680,5.9073
23.1733,13.0778,5.9241
23.1427,13.1883,5.9405
23.1118,13.2989,5.9537
23.0816,13.4101,5.9565
23.0508,13.5218,5.9572
23.0195,13.6331,5.9537
22.9892,13.7444,5.9445
22.9582,13.8553,5.9351
22.9267,13.9666,5.9306
22.8952,14.0782,5.9286
22.8652,14.1891,5.9273
22.8334,14.2997,5.9369
22.8017,14.4105,5.9499
22.7699,14.5217,5.9581
22.7377,14.6327,5.9660
22.7060,14.7431,5.9710
22.6735,14.8531,5.9677
22.6421,14.9637,5.9597
22.6099,15.0743,5.9518
22.5789,15.1846,5.9410
22.5465,15.2953,5.9338
22.5137,15.4066,5.9294
22.4818,15.5171,5.9304
22.4505,15.6278,5.9350
22.4184,15.7390,5.9392
22.3861,15.8507,5.9459
22.3533,15.9620,5.9541
22.3211,16.0725,5.9524
22.2896,16.1829,5.9442
22.2570,16.2932,5.9388
22.2244,16.4041,5.9269
22.1928,16.5148,5.9113
22.1597,16.6244,5.9098
22.1260,16.7342,5.9148
22.0930,16.8442,5.9121
22.0600,16.9547,5.9114
22.0272,17.0652,5.9115
21.9947,17.1759,5.9002
21.9622,17.2860,5.8859
21.9284,17.3956,5.8861
21.8941,17.5053,5.8826
21.8605,17.6151,5.8760
21.8269,17.7259,5.8792
21.7942,17.8367,5.8801
21.7611,17.9478,5.8674
21.7272,18.0576,5.8667
21.6927,18.1671,5.8766
21.6578,18.2773,5.8813
21.6241,18.3879,5.8963
21.5909,18.4984,5.9206
21.5584,18.6093,5.9365
21.5248,18.7196,5.9459
21.4923,18.8304,5.9482
21.4587,18.9404,5.9391
21.4270,19.0502,5.9246
21.3947,19.1605,5.9089
21.3625,19.2716,5.8886
21.3306,19.3826,5.8778
21.3005,19.4931,5.8756
21.2688,19.6034,5.8830
21.2361,19.7138,5.8918
21.2049,19.8240,5.9053
21.1738,19.9344,5.9162
21.1425,20.0448,5.9203
21.1118,20.1554,5.9113
21.0799,20.2664,5.8977
21.0471,20.3770,5.8784
21.0151,20.4886,5.8599
20.9834,20.6006,5.8460
20.9516,20.7109,5.8377
20.9187,20.8205,5.8415
20.8847,20.9296,5.8540
20.8504,21.0392,5.8528
20.8163,21.1491,5.8306
20.7813,21.2586,5.7984
20.7461,21.3678,5.7525
20.7106,21.4761,5.6902
20.6739,21.5837,5.6296
20.6355,21.6897,5.5823
20.5960,21.7953,5.5394
20.5561,21.9002,5.5021
20.5145,22.0040,5.4836
20.4711,22.1060,5.4859
20.4260,22.2069,5.4925
20.3789,22.3075,5.4858
20.3310,22.4080,5.4645
20.2820,22.5076,5.4274
20.2314,22.6070,5.3715
20.1808,22.7038,5.3205
20.1268,22.7967,5.3013
20.0712,22.8903,5.2987
20.0135,22.9825,5.3001
19.9541,23.0738,5.3097
19.8934,23.1639,5.3195
19.8311,23.2528,5.3210
19.7672,23.3397,5.3298
19.7009,23.4258,5.3582
19.6324,23.5106,5.3978
19.5626,23.5956,5.4346
19.4911,23.6794,5.4585
19.4175,23.7626,5.4614
19.3435,23.8443,5.4269
19.2683,23.9250,5.3464
19.1939,24.0035,5.2529
19.1184,24.0793,5.1849
19.0416,24.1523,5.1456
18.9646,24.2226,5.1416
18.8861,24.2871,5.1880
18.8054,24.3517,5.2424
18.7227,24.4172,5.2627
18.6389,24.4817,5.2605
18.5529,24.5447,5.2493
18.4651,24.6053,5.2282
18.3761,24.6637,5.2135
18.2855,24.7201,5.2190
18.1938,24.7756,5.2392
18.1007,24.8285,5.2600
18.0079,24.8791,5.2742
17.9127,24.9278,5.2863
17.8153,24.9750,5.2934
17.7167,25.0220,5.2985
17.6175,25.0666,5.3230
17.5172,25.1084,5.3720
17.4165,25.1482,5.4267
17.3142,25.1852,5.4718
17.2102,25.2224,5.4984
17.1049,25.2595,5.4946
16.9989,25.2964,5.4522
16.8944,25.3302,5.3932
16.7924,25.3595,5.3449
16.6882,25.3869,5.2983
16.5826,25.4152,5.2587
16.4774,25.4404,5.2524
16.3714,25.4626,5.2738
16.2663,25.4821,5.3184
16.1607,25.4974,5.3983
16.0530,25.5128,5.4799
15.9441,25.5284,5.5369
15.8352,25.5410,5.5808
15.7247,25.5530,5.6081
15.6129,25.5638,5.6176
15.5002,25.5736,5.6361
15.3871,25.5820,5.6745
15.2733,25.5887,5.7200
15.1590,25.5944,5.7678
15.0446,25.5996,5.8139
14.9296,25.6043,5.8349
14.8143,25.6087,5.8163
14.6990,25.6127,5.7820
14.5841,25.6154,5.7389
14.4695,25.6195,5.6904
14.3582,25.6210,5.6761
14.2478,25.6192,5.7200
14.1360,25.6167,5.7732
14.0231,25.6151,5.8248
13.9093,25.6140,5.8778
13.7946,25.6121,5.9131
13.6791,25.6104,5.9129
13.5640,25.6091,5.9126
13.4486,25.6093,5.9160
13.3328,25.6086,5.9177
13.2169,25.6073,5.9109
13.1011,25.6075,5.9114
12.9849,25.6068,5.8901
12.8688,25.6054,5.8505
12.7538,25.6043,5.8045
12.6386,25.6045,5.7697
12.5237,25.6050,5.7328
12.4117,25.6031,5.7235
12.3009,25.5991,5.7462
12.1887,25.5946,5.7837
12.0754,25.5897,5.8154
11.9616,25.5840,5.8418
11.8473,25.5800,5.8673
11.7318,25.5766,5.8826
11.6162,25.5727,5.8894
11.5010,25.5702,5.8995
11.3858,25.5682,5.9168
11.2704,25.5655,5.9198
11.1549,25.5639,5.9185
11.0391,25.5616,5.9190
10.9235,25.5609,5.9250
10.8075,25.5601,5.9283
10.6915,25.5587,5.9400
10.5757,25.5567,5.9514
10.4602,25.5559,5.9599
10.3446,25.5543,5.9584
10.2292,25.5532,5.9444
10.1134,25.5527,5.8965
9.9974,25.5512,5.8264
9.8816,25.5506,5.7581
9.7660,25.5509,5.6812
9.6519,25.5497,5.6192
9.5417,25.5456,5.6144
9.4312,25.5385,5.6502
9.3194,25.5331,5.6880
9.2064,25.5287,5.7452
9.0930,25.5254,5.8048
8.9790,25.5229,5.8433
8.8640,25.5196,5.8641
8.7487,25.5155,5.8822
8.6334,25.5126,5.8954
8.5178,25.5107,5.9080
8.4021,25.5082,5.9074
8.2863,25.5060,5.9038
8.1708,25.5050,5.9029
8.0552,25.5028,5.9016
7.9394,25.5001,5.8960
7.8234,25.4984,5.9044
7.7078,25.4979,5.9137
7.5922,25.4959,5.9030
7.4763,25.4948,5.8702
7.3601,25.4943,5.8319
7.2436,25.4929,5.7844
7.1284,25.4922,5.7246
7.0165,25.4888,5.6838
6.9042,25.4833,5.6821
6.7908,25.4775,5.6859
6.6768,25.4713,5.6929
6.5626,25.4675,5.7249
6.4482,25.4659,5.7718
6.3329,25.4643,5.7959
6.2170,25.4615,5.8281
6.1011,25.4580,5.8565
5.9858,25.4557,5.8774
5.8703,25.4545,5.8828
5.7546,25.4516,5.8903
5.6392,25.4488,5.8815
5.5239,25.4478,5.8832
5.4085,25.4457,5.8730
5.2935,25.4427,5.8465
5.1782,25.4409,5.8079
5.0630,25.4402,5.7816
4.9472,25.4392,5.7356
4.8317,25.4375,5.6941
4.7192,25.4336,5.6897
4.6067,25.4278,5.7161
4.4934,25.4213,5.7386
4.3794,25.4163,5.7762
4.2650,25.4133,5.8287
4.1500,25.4096,5.8575
4.0343,25.4055,5.8661
3.9186,25.4017,5.8736
3.8031,25.3994,5.8850
3.6875,25.3976,5.8852
3.5717,25.3942,5.8802
3.4562,25.3922,5.8840
3.3405,25.3911,5.8847
3.2244,25.3888,5.8830
3.1087,25.3863,5.8760
2.9933,25.3861,5.8768
2.8778,25.3856,5.8411
2.7620,25.3834,5.8016
2.6465,25.3815,5.7534
2.5310,25.3811,5.7029
2.4167,25.3797,5.6588
2.3052,25.3747,5.6713
2.1929,25.3681,5.7081
2.0798,25.3626,5.7455
1.9659,25.3583,5.7887
1.8515,25.3549,5.8252
1.7368,25.3505,5.8341
1.6215,25.3457,5.8222
1.5069,25.3422,5.8184
1.3920,25.3400,5.8207
1.2768,25.3389,5.8294
1.1609,25.3366,5.8390
1.0449,25.3336,5.8532
0.9290,25.3312,5.8578
0.8133,25.3305,5.8662
0.6973,25.3292,5.8569
0.5812,25.3270,5.8366
0.4659,25.3250,5.8032
0.3509,25.3254,5.7755
0.2355,25.3249,5.7392
0.1198,25.3234,5.7163
0.0066,25.3203,5.7068
-0.1052,25.3155,5.7201
-0.2176,25.3099,5.7397
-0.3309,25.3037,5.7526
-0.4448,25.2990,5.7706
-0.5594,25.2957,5.7929
-0.6746,25.2934,5.8115
-0.7901,25.2905,5.8255
-0.9049,25.2859,5.8512
-1.0196,25.2827,5.8655
-1.1345,25.2802,5.8796
-1.2496,25.2783,5.8857
-1.3647,25.2752,5.8933
-1.4800,25.2726,5.8943
-1.5954,25.2711,5.9096
-1.7110,25.2703,5.9236
-1.8269,25.2685,5.9334
-1.9424,25.2667,5.9134
-2.0580,25.2661,5.8757
-2.1738,25.2645,5.8279
-2.2898,25.2635,5.7579
-2.4042,25.2623,5.6880
-2.5155,25.2577,5.6702
-2.6275,25.2514,5.6934
-2.7406,25.2445,5.7155
-2.8542,25.2399,5.7650
-2.9683,25.2371,5.8333
-3.0828,25.2334,5.8746
-3.1983,25.2302,5.8885
-3.3139,25.2264,5.9011
-3.4290,25.2243,5.9059
-3.5445,25.2223,5.8941
-3.6603,25.2191,5.8810
-3.7760,25.2171,5.8706
-3.8915,25.2162,5.8657
-4.0069,25.2140,5.8631
-4.1222,25.2110,5.8688
-4.2373,25.2090,5.8790
-4.3526,25.2078,5.8996
-4.4680,25.2072,5.9194
-4.5838,25.2059,5.9310
-4.6995,25.2045,5.9350
-4.8153,25.2043,5.9352
-4.9314,25.2032,5.9245
-5.0475,25.2021,5.9088
-5.1632,25.2027,5.8986
-5.2788,25.2022,5.8906
-5.3947,25.2009,5.8830
-5.5102,25.2002,5.8765
-5.6259,25.2008,5.8730
-5.7417,25.2002,5.8643
-5.8575,25.1989,5.8583
-5.9731,25.1987,5.8578
-6.0887,25.1997,5.8507
-6.2048,25.1996,5.8186
-6.3207,25.1983,5.7847
-6.4363,25.1974,5.7380
-6.5518,25.1977,5.6738
-6.6649,25.1966,5.6293
-6.7747,25.1919,5.6375
-6.8859,25.1858,5.6611
-6.9982,25.1815,5.7075
-7.1112,25.1790,5.7774
-7.2251,25.1768,5.8327
-7.3396,25.1736,5.8622
-7.4552,25.1704,5.8866
-7.5712,25.1665,5.8875
-7.6870,25.1636,5.8651
-7.8026,25.1622,5.8292
-7.9182,25.1595,5.7839
-8.0336,25.1567,5.7327
-8.1485,25.1554,5.7041
-8.2599,25.1555,5.7072
-8.3712,25.1585,5.7432
-8.4835,25.1621,5.7907
-8.5973,25.1654,5.8319
-8.7118,25.1693,5.8558
-8.8268,25.1728,5.8619
-8.9421,25.1753,5.8537
-9.0578,25.1773,5.8470
-9.1737,25.1786,5.8531
-9.2898,25.1787,5.8633
-9.4064,25.1794,5.8654
-9.5225,25.1813,5.8708
-9.6383,25.1826,5.8629
-9.7539,25.1829,5.8425
-9.8691,25.1844,5.8283
-9.9846,25.1876,5.8286
-10.1003,25.1901,5.8223
-10.2161,25.1917,5.8286
-10.3321,25.1920,5.8487
-10.4483,25.1918,5.8657
-10.5641,25.1923,5.8805
-10.6798,25.1936,5.8980
-10.7957,25.1937,5.9119
-10.9118,25.1931,5.9249
-11.0269,25.1932,5.9305
-11.1422,25.1937,5.9275
-11.2578,25.1929,5.9114
-11.3730,25.1936,5.8983
-11.4882,25.1946,5.8677
-11.6036,25.1936,5.8455
-11.7187,25.1932,5.8294
-11.8338,25.1953,5.8348
-11.9492,25.1965,5.8362
-12.0648,25.1963,5.8596
-12.1807,25.1955,5.8811
-12.2966,25.1950,5.8979
-12.4125,25.1956,5.9020
-12.5281,25.1951,5.9014
-12.6435,25.1949,5.8864
-12.7589,25.1962,5.8729
-12.8745,25.1963,5.8615
-12.9904,25.1952,5.8560
-13.1058,25.1953,5.8586
-13.2210,25.1967,5.8678
-13.3365,25.1969,5.8635
-13.4525,25.1968,5.8355
-13.5690,25.1961,5.7898
-13.6852,25.1955,5.7416
-13.8006,25.1967,5.6903
-13.9144,25.1962,5.6524
-14.0251,25.1920,5.6587
-14.1367,25.1869,5.6968
-14.2494,25.1813,5.7342
-14.3627,25.1764,5.7773
-14.4766,25.1728,5.8251
-14.5916,25.1704,5.8645
-14.7075,25.1681,5.8707
-14.8237,25.1650,5.8519
-14.9400,25.1623,5.8194
-15.0559,25.1605,5.7756
-15.1715,25.1591,5.7008
-15.2853,25.1561,5.6541
-15.3961,25.1499,5.6555
-15.5081,25.1429,5.6726
-15.6208,25.1369,5.7056
-15.7342,25.1335,5.7684
-15.8482,25.1303,5.8210
-15.9630,25.1261,5.8365
-16.0785,25.1220,5.8245
-16.1935,25.1168,5.7991
-16.3084,25.1133,5.7532
-16.4234,25.1108,5.6961
-16.5357,25.1062,5.6702
-16.6473,25.0988,5.6883
-16.7600,25.0907,5.7114
-16.8735,25.0855,5.7631
-16.9879,25.0816,5.8307
-17.1029,25.0767,5.8581
-17.2185,25.0719,5.8499
-17.3343,25.0666,5.8308
-17.4495,25.0619,5.7779
-17.5641,25.0572,5.7103
-17.6765,25.0496,5.6785
-17.7894,25.0399,5.6737
-17.9031,25.0320,5.6849
-18.0171,25.0254,5.7278
-18.1314,25.0201,5.7795
-18.2461,25.0160,5.7999
-18.3617,25.0121,5.7970
-18.4773,25.0072,5.7725
-18.5926,25.0037,5.7140
-18.7055,24.9989,5.6533
-18.8165,24.9906,5.6360
-18.9284,24.9811,5.6179
-19.0411,24.9739,5.5944
-19.1545,24.9679,5.5951
-19.2683,24.9633,5.6033
-19.3830,24.9600,5.5790
-19.4948,24.9546,5.5825
-19.6046,24.9455,5.6183
-19.7158,24.9355,5.6471
-19.8283,24.9268,5.6755
-19.9417,24.9193,5.7181
-20.0548,24.9123,5.7419
-20.1654,24.9023,5.7654
-20.2772,24.8914,5.8013
-20.3900,24.8809,5.8291
-20.5036,24.8716,5.8509
-20.6168,24.8616,5.8572
-20.7308,24.8505,5.8478
-20.8457,24.8395,5.8203
-20.9600,24.8298,5.7865
-21.0734,24.8199,5.7537
-21.1862,24.8072,5.7567
-21.2996,24.7938,5.7677
-21.4120,24.7811,5.7881
-21.5240,24.7652,5.8261
-21.6368,24.7499,5.8624
-21.7503,24.7347,5.8753
-21.8640,24.7182,5.8849
-21.9778,24.7022,5.8955
-22.0916,24.6847,5.8988
-22.2059,24.6672,5.8966
-22.3196,24.6494,5.8889
-22.4336,24.6307,5.8674
-22.5475,24.6129,5.8278
-22.6604,24.5940,5.7821
-22.7730,24.5749,5.7474
-22.8846,24.5541,5.7294
-22.9965,24.5325,5.7282
-23.1082,24.5091,5.7423
-23.2196,24.4851,5.7611
-23.3316,24.4607,5.7709
-23.4419,24.4360,5.7654
-23.5521,24.4106,5.7536
-23.6618,24.3839,5.7449
-23.7715,24.3562,5.7301
-23.8810,24.3286,5.7134
-23.9896,24.2990,5.7142
-24.0977,24.2689,5.7195
-24.2066,24.2381,5.7120
-24.3149,24.2060,5.7117
-24.4223,24.1721,5.7245
-24.5309,24.1384,5.7245
-24.6391,24.1038,5.7147
-24.7461,24.0680,5.7117
-24.8531,24.0304,5.7024
-24.9606,23.9927,5.6786
-25.0680,23.9541,5.6587
-25.1746,23.9143,5.6490
-25.2792,23.8737,5.6427
-25.3830,23.8314,5.6449
-25.4871,23.7877,5.6498
-25.5923,23.7431,5.6444
-25.6971,23.6976,5.6404
-25.8002,23.6511,5.6462
-25.9028,23.6032,5.6476
-26.0041,23.5550,5.6484
-26.1036,23.5044,5.6583
-26.2046,23.4538,5.6555
-26.3053,23.4027,5.6320
-26.4052,23.3505,5.6130
-26.5032,23.2966,5.6158
-26.6011,23.2411,5.6358
-26.6992,23.1842,5.6704
-26.7965,23.1266,5.7210
-26.8934,23.0672,5.7732
-26.9901,23.0079,5.7957
-27.0872,22.9479,5.7851
-27.1840,22.8876,5.7700
-27.2798,22.8265,5.7553
-27.3759,22.7654,5.7392
-27.4696,22.7035,5.7482
-27.5614,22.6398,5.7836
-27.6546,22.5758,5.8091
-27.7476,22.5119,5.8189
-27.8408,22.4469,5.8283
-27.9346,22.3815,5.8283
-28.0277,22.3147,5.8266
-28.1206,22.2473,5.8378
-28.2129,22.1788,5.8667
-28.3054,22.1100,5.8874
-28.3984,22.0420,5.8873
-28.4911,21.9737,5.8627
-28.5825,21.9049,5.8360
-28.6748,21.8363,5.7971
-28.7660,21.7681,5.7664
-28.8548,21.6989,5.7676
-28.9425,21.6277,5.7942
-29.0309,21.5563,5.8049
-29.1205,21.4850,5.7998
-29.2103,21.4125,5.7589
-29.3002,21.3395,5.6777
-29.3893,21.2657,5.5852
-29.4766,21.1917,5.5183
-29.5624,21.1173,5.4898
-29.6426,21.0430,5.5067
-29.7210,20.9666,5.5553
-29.7998,20.8884,5.6040
-29.8799,20.8095,5.6269
-29.9605,20.7310,5.6161
-30.0388,20.6511,5.6017
-30.1151,20.5693,5.6008
-30.1914,20.4862,5.6079
-30.2675,20.4021,5.6312
-30.3419,20.3168,5.6836
-30.4162,20.2306,5.7353
-30.4902,20.1432,5.7609
-30.5638,20.0556,5.7771
-30.6356,19.9673,5.7994
-30.7083,19.8790,5.8053
-30.7809,19.7903,5.8016
-30.8522,19.7007,5.8129
-30.9215,19.6103,5.8408
-30.9917,19.5199,5.8571
-31.0624,19.4301,5.8773
-31.1325,19.3396,5.9014
-31.2018,19.2489,5.9149
-31.2708,19.1578,5.9115
-31.3407,19.0671,5.9110
-31.4100,18.9760,5.9050
-31.4796,18.8843,5.8849
-31.5500,18.7943,5.8678
-31.6211,18.7045,5.8463
-31.6922,18.6133,5.7954
-31.7641,18.5222,5.7248
-31.8368,18.4321,5.6663
-31.9101,18.3432,5.6107
-31.9829,18.2553,5.5627
-32.0563,18.1719,5.5532
-32.1319,18.0898,5.5695
-32.2088,18.0070,5.5611
-32.2864,17.9238,5.5301
-32.3644,17.8429,5.4967
-32.4435,17.7627,5.4469
-32.5223,17.6853,5.3903
-32.6025,17.6112,5.3690
-32.6836,17.5393,5.3753
-32.7662,17.4670,5.3759
-32.8500,17.3967,5.3751
-32.9354,17.3283,5.3826
-33.0219,17.2613,5.3822
-33.1091,17.1950,5.3752
-33.1970,17.1313,5.3854
-33.2863,17.0699,5.4085
-33.3775,17.0096,5.4153
-33.4699,16.9497,5.4079
-33.5641,16.8909,5.4064
-33.6581,16.8336,5.4065
-33.7533,16.7781,5.4076
-33.8480,16.7264,5.4221
-33.9443,16.6773,5.4429
-34.0420,16.6269,5.4593
-34.1411,16.5775,5.4685
-34.2411,16.5286,5.4681
-34.3398,16.4841,5.4770
-34.4397,16.4428,5.4971
-34.5415,16.4002,5.4923
-34.6438,16.3576,5.4633
-34.7463,16.3179,5.4375
-34.8504,16.2794,5.4168
-34.9548,16.2427,5.4094
-35.0592,16.2090,5.4419
-35.1641,16.1773,5.5005
-35.2695,16.1480,5.5333
-35.3762,16.1186,5.5067
-35.4843,16.0889,5.4361
-35.5933,16.0602,5.3458
-35.7015,16.0334,5.2630
-35.8046,16.0121,5.2395
-35.9077,15.9955,5.2888
-36.0130,15.9799,5.3548
-36.1203,15.9648,5.4085
-36.2291,15.9509,5.4401
-36.3395,15.9378,5.4235
-36.4489,15.9262,5.3693
-36.5576,15.9187,5.3254
-36.6674,15.9124,5.2993
-36.7772,15.9083,5.2832
-36.8873,15.9064,5.2831
-36.9957,15.9071,5.2941
-37.1042,15.9106,5.2980
-37.2134,15.9153,5.2926
-37.3221,15.9224,5.2906
-37.4308,15.9314,5.2904
-37.5394,15.9427,5.2879
-37.6467,15.9568,5.2950
-37.7537,15.9732,5.3113
-37.8610,15.9912,5.3150
-37.9685,16.0108,5.3088
-38.0751,16.0332,5.3099
-38.1813,16.0575,5.3086
-38.2880,16.0838,5.2988
-38.3927,16.1123,5.2943
-38.4966,16.1436,5.2951
-38.6009,16.1760,5.2934
-38.7042,16.2104,5.2973
-38.8070,16.2469,5.3070
-38.9080,16.2861,5.3146
-39.0081,16.3279,5.3202
-39.1089,16.3712,5.3137
-39.2100,16.4152,5.2919
-39.3084,16.4608,5.2761
-39.4033,16.5090,5.2777
-39.4972,16.5595,5.2877
-39.5909,16.6116,5.3053
-39.6844,16.6657,5.3300
-39.7781,16.7211,5.3607
-39.8698,16.7792,5.3946
-39.9609,16.8395,5.4173
-40.0516,16.9015,5.4303
-40.1419,16.9658,5.4369
-40.2333,17.0312,5.4174
-40.3218,17.0956,5.3847
-40.4073,17.1626,5.3804
-40.4920,17.2321,5.3986
-40.5759,17.3029,5.4213
-40.6583,17.3753,5.4523
-40.7405,17.4495,5.4749
-40.8226,17.5242,5.4682
-40.9029,17.6002,5.4447
-40.9817,17.6771,5.4303
-41.0585,17.7554,5.4393
-41.1341,17.8358,5.4619
-41.2092,17.9170,5.4833
-41.2817,17.9991,5.5074
-41.3537,18.0829,5.5266
-41.4263,18.1670,5.5249
-41.4965,18.2516,5.5191
-41.5650,18.3375,5.5334
-41.6312,18.4247,5.5581
-41.6981,18.5134,5.5774
-41.7649,18.6034,5.6032
-41.8307,18.6951,5.6431
-41.8958,18.7881,5.6853
-41.9601,18.8821,5.7169
-42.0233,18.9770,5.7483
-42.0860,19.0729,5.7746
-42.1496,19.1689,5.7829
-42.2132,19.2645,5.7780
-42.2743,19.3602,5.7909
-42.3342,19.4569,5.8141
-42.3938,19.5538,5.8408
-42.4534,19.6520,5.8691
-42.5138,19.7507,5.8957
-42.5746,19.8492,5.8998
-42.6339,19.9476,5.8973
-42.6927,20.0470,5.8961
-42.7526,20.1463,5.8993
-42.8131,20.2458,5.9054
-42.8721,20.3447,5.9226
-42.9307,20.4440,5.9436
-42.9894,20.5440,5.9626
-43.0484,20.6440,5.9766
-43.1072,20.7440,5.9885
-43.1658,20.8436,5.9949
-43.2245,20.9437,5.9947
-43.2828,21.0434,5.9893
-43.3414,21.1431,5.9811
-43.4002,21.2431,5.9652
-43.4589,21.3435,5.9482
-43.5177,21.4437,5.9321
-43.5769,21.5432,5.9222
-43.6356,21.6423,5.9161
-43.6955,21.7406,5.9163
-43.7554,21.8391,5.9143
-43.8149,21.9377,5.9124
-43.8743,22.0359,5.9073
-43.9334,22.1341,5.9055
-43.9915,22.2331,5.9118
-44.0498,22.3327,5.9257
-44.1076,22.4325,5.9367
-44.1657,22.5319,5.9438
-44.2240,22.6313,5.9482
-44.2820,22.7307,5.9430
-44.3408,22.8296,5.9326
-44.3989,22.9291,5.9245
-44.4564,23.0291,5.9217
-44.5142,23.1289,5.9145
-44.5723,23.2285,5.9039
-44.6310,23.3283,5.8885
-44.6895,23.4278,5.8727
-44.7489,23.5260,5.8548
-44.8072,23.6245,5.8403
-44.8646,23.7231,5.8282
-44.9217,23.8226,5.8202
-44.9783,23.9232,5.8112
-45.0355,24.0236,5.7958
-45.0943,24.1229,5.7786
-45.1498,24.2220,5.7746
-45.2047,24.3222,5.7676
-45.2606,24.4222,5.7514
-45.3181,24.5216,5.7526
-45.3763,24.6214,5.7572
-45.4340,24.7204,5.7499
-45.4896,24.8193,5.7580
-45.5434,24.9193,5.7946
-45.5972,25.0195,5.8149
-45.6522,25.1201,5.8306
-45.7077,25.2208,5.8510
-45.7638,25.3215,5.8640
-45.8208,25.4220,5.8559
-45.8758,25.5230,5.8500
-45.9303,25.6243,5.8471
-45.9847,25.7255,5.8418
-46.0385,25.8270,5.8278
-46.0925,25.9289,5.8124
-46.1480,26.0291,5.8130
-46.2047,26.1296,5.8185
-46.2609,26.2305,5.8223
-46.3161,26.3316,5.8405
-46.3705,26.4330,5.8720
-46.4247,26.5349,5.8941
-46.4791,26.6362,5.9166
-46.5345,26.7367,5.9444
-46.5892,26.8382,5.9617
-46.6442,26.9394,5.9695
-46.6993,27.0406,5.9735
-46.7542,27.1417,5.9711
-46.8094,27.2428,5.9570
-46.8651,27.3443,5.9448
-46.9213,27.4458,5.9288
-46.9770,27.5475,5.9054
-47.0324,27.6493,5.8672
-47.0892,27.7499,5.8312
-47.1460,27.8503,5.7952
-47.2022,27.9512,5.7677
-47.2572,28.0516,5.7578
-47.3105,28.1521,5.7809
-47.3613,28.2526,5.8122
-47.4131,28.3532,5.8238
-47.4646,28.4547,5.8105
-47.5160,28.5570,5.7755
-47.5679,28.6589,5.7167
-47.6179,28.7601,5.6543
-47.6659,28.8623,5.6144
-47.7119,28.9645,5.5926
-47.7561,29.0675,5.5780
-47.8011,29.1707,5.5731
-47.8440,29.2746,5.5686
-47.8862,29.3792,5.5477
-47.9251,29.4829,5.5267
-47.9621,29.5882,5.5217
-48.0001,29.6946,5.5159
-48.0367,29.7997,5.5096
-48.0691,29.9039,5.5266
-48.0993,30.0090,5.5526
-48.1291,30.1159,5.5543
-48.1599,30.2244,5.5354
-48.1890,30.3332,5.5131
-48.2159,30.4429,5.4906
-48.2410,30.5522,5.4661
-48.2636,30.6618,5.4451
-48.2847,30.7716,5.4329
-48.3036,30.8813,5.4226
-48.3219,30.9920,5.4055
-48.3387,31.1012,5.3953
-48.3515,31.2082,5.4049
-48.3621,31.3166,5.4167
-48.3709,31.4258,5.4163
-48.3788,31.5367,5.4068
-48.3867,31.6484,5.3889
-48.3921,31.7581,5.3702
-48.3938,31.8669,5.3740
-48.3923,31.9747,5.4062
-48.3895,32.0837,5.4372
-48.3866,32.1944,5.4463
-48.3824,32.3057,5.4420
-48.3750,32.4167,5.4222
-48.3665,32.5279,5.3826
-48.3558,32.6367,5.3518
-48.3425,32.7452,5.3420
-48.3281,32.8547,5.3303
-48.3113,32.9619,5.3209
-48.2921,33.0688,5.3277
-48.2712,33.1757,5.3345
-48.2482,33.2821,5.3294
-48.2230,33.3881,5.3162
-48.1953,33.4935,5.2925
-48.1665,33.5997,5.2631
-48.1359,33.7046,5.2427
-48.1029,33.8080,5.2341
-48.0666,33.9090,5.2419
-48.0273,34.0095,5.2678
-47.9867,34.1111,5.2929
-47.9456,34.2130,5.3143
-47.9021,34.3124,5.3511
-47.8549,34.4093,5.3917
-47.8062,34.5066,5.4027
-47.7556,34.6046,5.3818
-47.7043,34.7040,5.3364
-47.6518,34.8025,5.2748
-47.5982,34.8959,5.2195
-47.5417,34.9868,5.1993
-47.4828,35.0760,5.2268
-47.4216,35.1644,5.2822
-47.3591,35.2541,5.3292
-47.2949,35.3414,5.3603
-47.2285,35.4272,5.3820
-47.1601,35.5128,5.3797
-47.0906,35.5988,5.3550
-47.0198,35.6824,5.3380
-46.9473,35.7638,5.3298
-46.8731,35.8440,5.3110
-46.7981,35.9230,5.2929
-46.7213,35.9991,5.2916
-46.6434,36.0748,5.2969
-46.5642,36.1480,5.3058
-46.4832,36.2198,5.3318
-46.4011,36.2894,5.3765
-46.3166,36.3581,5.4229
-46.2308,36.4266,5.4478
-46.1438,36.4933,5.4446
-46.0551,36.5596,5.4260
-45.9651,36.6252,5.3920
-45.8755,36.6890,5.3471
-45.7855,36.7499,5.3252
-45.6943,36.8062,5.3354
-45.6009,36.8629,5.3498
-45.5073,36.9188,5.3623
-45.4123,36.9721,5.3702
-45.3165,37.0247,5.3558
-45.2204,37.0734,5.3282
-45.1227,37.1218,5.3056
-45.0238,37.1696,5.2903
-44.9253,37.2137,5.2947
-44.8268,37.2543,5.3263
-44.7268,37.2925,5.3596
-44.6245,37.3310,5.3745
-44.5207,37.3690,5.3758
-44.4161,37.4047,5.3673
-44.3120,37.4382,5.3554
-44.2075,37.4688,5.3552
-44.1019,37.4976,5.3720
-43.9959,37.5247,5.3965
-43.8887,37.5498,5.4123
-43.7805,37.5738,5.4036
-43.6718,37.5963,5.3752
-43.5632,37.6168,5.3454
-43.4541,37.6353,5.3288
-43.3466,37.6511,5.3433
-43.2392,37.6637,5.3954
-43.1307,37.6745,5.4575
-43.0211,37.6839,5.5062
-42.9106,37.6919,5.5412
-42.7987,37.6996,5.5518
-42.6868,37.7065,5.5329
-42.5773,37.7110,5.5174
-42.4677,37.7126,5.5325
-42.3570,37.7129,5.5569
-42.2448,37.7132,5.5768
-42.1340,37.7113,5.6085
-42.0228,37.7074,5.6356
-41.9105,37.7031,5.6261
-41.7981,37.6982,5.6100
-41.6863,37.6914,5.6163
-41.5734,37.6835,5.6216
-41.4619,37.6747,5.6333
-41.3515,37.6625,5.6832
-41.2396,37.6497,5.7338
-41.1267,37.6379,5.7588
-41.0146,37.6246,5.7836
-40.9019,37.6095,5.8060
-40.7884,37.5951,5.8098
-40.6752,37.5793,5.8171
-40.5615,37.5625,5.8396
-40.4475,37.5456,5.8599
-40.3337,37.5271,5.8780
-40.2198,37.5091,5.8904
-40.1052,37.4920,5.8972
-39.9900,37.4737,5.8904
-39.8754,37.4553,5.8829
-39.7614,37.4363,5.8756
-39.6472,37.4169,5.8734
-39.5340,37.3979,5.8766
-39.4208,37.3771,5.8988
-39.3075,37.3556,5.9247
-39.1935,37.3353,5.9502
-39.0791,37.3140,5.9711
-38.9656,37.2936,5.9860
-38.8517,37.2727,5.9883
-38.7383,37.2518,5.9834
-38.6261,37.2315,5.9702
-38.5130,37.2101,5.9524
-38.4000,37.1894,5.9296
-38.2867,37.1688,5.9092
-38.1733,37.1479,5.8917
-38.0610,37.1265,5.8826
-37.9485,37.1044,5.8847
-37.8358,37.0813,5.8929
-37.7224,37.0579,5.8966
-37.6089,37.0353,5.8989
-37.4966,37.0124,5.9002
-37.3845,36.9882,5.9002
-37.2720,36.9658,5.9044
-37.1586,36.9436,5.9155
-37.0454,36.9205,5.9297
-36.9320,36.8976,5.9388
-36.8184,36.8739,5.9434
-36.7049,36.8514,5.9373
-36.5915,36.8288,5.9201
-36.4781,36.8058,5.8974
-36.3650,36.7843,5.8782
-36.2513,36.7628,5.8606
-36.1390,36.7403,5.8554
-36.0274,36.7166,5.8593
-35.9150,36.6935,5.8682
-35.8029,36.6719,5.8793
-35.6902,36.6493,5.8858
-35.5776,36.6269,5.8913
-35.4657,36.6034,5.9028
-35.3533,36.5793,5.9151
-35.2410,36.5564,5.9246
-35.1281,36.5337,5.9347
-35.0148,36.5106,5.9395
-34.9010,36.4878,5.9335
-34.7878,36.4643,5.9235
-34.6750,36.4419,5.9155
-34.5620,36.4208,5.9139
-34.4486,36.3986,5.8878
-34.3351,36.3773,5.8474
-34.2226,36.3570,5.8074
-34.1101,36.3349,5.7663
-33.9975,36.3134,5.7156
-33.8880,36.2947,5.6996
-33.7783,36.2793,5.7241
-33.6674,36.2620,5.7442
-33.5554,36.2436,5.7660
-33.4427,36.2265,5.7866
-33.3312,36.2115,5.7994
-33.2189,36.1963,5.7829
-33.1062,36.1792,5.7700
-32.9927,36.1628,5.7553
-32.8804,36.1484,5.7518
-32.7682,36.1360,5.7499
-32.6559,36.1222,5.7561
-32.5430,36.1068,5.7692
-32.4294,36.0921,5.7857
-32.3163,36.0790,5.8107
-32.2036,36.0675,5.8391
-32.0910,36.0546,5.8652
-31.9777,36.0410,5.8858
-31.8633,36.0279,5.8995
-31.7487,36.0146,5.8928
-31.6350,36.0026,5.8758
-31.5213,35.9893,5.8581
-31.4072,35.9751,5.8352
-31.2921,35.9615,5.8043
-31.1779,35.9491,5.7815
-31.0636,35.9382,5.7661
-30.9493,35.9252,5.7524
-30.8353,35.9121,5.7516
-30.7225,35.8972,5.7739
-30.6091,35.8807,5.8095
-30.4956,35.8647,5.8305
-30.3820,35.8498,5.8473
-30.2675,35.8348,5.8616
-30.1522,35.8205,5.8654
-30.0369,35.8063,5.8555
-29.9244,35.7913,5.8664
-29.8117,35.7743,5.8829
-29.6979,35.7582,5.8839
-29.5836,35.7423,5.8759
-29.4686,35.7261,5.8614
-29.3533,35.7096,5.8338
-29.2385,35.6946,5.8071
-29.1238,35.6807,5.8020
-29.0104,35.6676,5.8065
-28.8973,35.6563,5.8158
-28.7840,35.6436,5.8253
-28.6699,35.6302,5.8283
-28.5552,35.6166,5.7955
-28.4408,35.6045,5.7407
-28.3258,35.5932,5.6765
-28.2105,35.5824,5.5975
-28.0952,35.5722,5.5134
-27.9836,35.5648,5.4737
-27.8723,35.5608,5.4811
-27.7612,35.5574,5.5106
-27.6512,35.5567,5.5788
-27.5401,35.5577,5.6405
-27.4277,35.5593,5.6571
-27.3146,35.5606,5.6512
-27.2008,35.5605,5.6470
-27.0888,35.5593,5.6045
-26.9811,35.5627,5.5977
-26.8725,35.5694,5.6456
-26.7618,35.5751,5.6836
-26.6501,35.5799,5.6941
-26.5404,35.5873,5.7256
-26.4298,35.5965,5.7510
-26.3178,35.6050,5.7475
-26.2060,35.6117,5.7384
-26.0970,35.6207,5.7581
-25.9871,35.6318,5.7878
-25.8754,35.6413,5.7932
-25.7633,35.6513,5.8016
-25.6515,35.6639,5.8223
-25.5387,35.6764,5.8286
-25.4252,35.6880,5.8059
-25.3132,35.7020,5.7920
-25.2002,35.7165,5.7700
-25.0868,35.7287,5.7538
-24.9732,35.7400,5.7373
-24.8617,35.7535,5.7448
-24.7495,35.7684,5.7679
-24.6367,35.7833,5.8012
-24.5236,35.7999,5.8278
-24.4101,35.8162,5.8581
-24.2972,35.8339,5.8725
-24.1836,35.8513,5.8610
-24.0709,35.8683,5.8445
-23.9589,35.8874,5.8264
-23.8463,35.9052,5.7930
-23.7346,35.9252,5.7652
-23.6221,35.9464,5.7534
-23.5089,35.9677,5.7380
-23.3958,35.9894,5.7291
-23.2848,36.0132,5.7465
-23.1734,36.0380,5.7754
-23.0616,36.0632,5.8067
-22.9506,36.0898,5.8344
-22.8399,36.1156,5.8361
-22.7298,36.1426,5.8123
-22.6194,36.1697,5.7731
-22.5085,36.1966,5.7224
-22.3988,36.2247,5.6813
-22.2920,36.2547,5.6708
-22.1851,36.2862,5.6756
-22.0770,36.3185,5.6784
-21.9685,36.3512,5.6894
-21.8606,36.3853,5.7080
-21.7527,36.4206,5.7189
-21.6449,36.4571,5.7323
-21.5385,36.4951,5.7579
-21.4316,36.5331,5.7677
-21.3238,36.5713,5.7547
-21.2163,36.6112,5.7432
-21.1093,36.6520,5.7284
-21.0022,36.6929,5.7075
-20.8968,36.7351,5.7096
-20.7924,36.7790,5.7349
-20.6877,36.8229,5.7584
-20.5827,36.8683,5.7840
-20.4774,36.9147,5.8172
-20.3723,36.9613,5.8443
-20.2677,37.0087,5.8604
-20.1630,37.0564,5.8670
-20.0584,37.1052,5.8587
-19.9531,37.1540,5.8345
-19.8477,37.2031,5.7987
-19.7431,37.2526,5.7637
-19.6399,37.3026,5.7470
-19.5386,37.3542,5.7467
-19.4367,37.4062,5.7506
-19.3355,37.4591,5.7664
-19.2347,37.5129,5.7880
-19.1336,37.5663,5.7923
-19.0339,37.6206,5.7895
-18.9345,37.6765,5.7984
-18.8347,37.7332,5.7988
-18.7350,37.7890,5.7853
-18.6361,37.8462,5.7851
-18.5379,37.9044,5.7890
-18.4394,37.9634,5.7717
-18.3418,38.0224,5.7442
-18.2451,38.0828,5.7207
-18.1480,38.1429,5.6934
-18.0526,38.2029,5.6740
-17.9585,38.2651,5.6706
-17.8652,38.3284,5.6783
-17.7737,38.3933,5.6925
-17.6804,38.4577,5.7022
-17.5871,38.5220,5.6912
-17.4959,38.5872,5.6800
-17.4073,38.6541,5.6793
-17.3182,38.7221,5.6750
-17.2281,38.7905,5.6666
-17.1388,38.8598,5.6683
-17.0509,38.9301,5.6763
-16.9638,39.0019,5.6874
-16.8768,39.0750,5.7008
-16.7898,39.1488,5.7173
-16.7035,39.2234,5.7427
-16.6179,39.2991,5.7679
-16.5320,39.3751,5.7775
-16.4473,39.4518,5.7811
-16.3636,39.5295,5.7809
-16.2800,39.6071,5.7624
-16.1961,39.6846,5.7345
-16.1132,39.7634,5.7147
-16.0312,39.8431,5.7098
-15.9514,39.9229,5.7048
-15.8727,40.0041,5.6983
-15.7927,40.0854,5.6932
-15.7112,40.1659,5.6929
-15.6304,40.2470,5.6786
-15.5531,40.3278,5.6897
-15.4778,40.4107,5.7279
-15.4017,40.4941,5.7562
-15.3247,40.5773,5.7720
-15.2492,40.6623,5.7986
-15.1733,40.7477,5.8114
-15.0974,40.8332,5.8108
-15.0238,40.9204,5.8308
-14.9494,41.0073,5.8482
-14.8761,41.0941,5.8553
-14.8034,41.1815,5.8527
-14.7292,41.2680,5.8497
-14.6554,41.3548,5.8401
-14.5831,41.4431,5.8456
-14.5103,41.5315,5.8497
-14.4384,41.6209,5.8539
-14.3663,41.7107,5.8527
-14.2938,41.8009,5.8424
-14.2217,41.8907,5.8261
-14.1516,41.9808,5.8192
-14.0822,42.0715,5.8199
-14.0128,42.1629,5.8308
-13.9437,42.2552,5.8501
-13.8743,42.3475,5.8617
-13.8059,42.4399,5.8613
-13.7391,42.5328,5.8565
-13.6716,42.6251,5.8365
-13.6042,42.7173,5.7989
-13.5369,42.8098,5.7561
-13.4723,42.9029,5.7187
-13.4075,42.9966,5.6784
-13.3431,43.0909,5.6514
-13.2806,43.1850,5.6516
-13.2196,43.2801,5.6684
-13.1604,43.3751,5.6758
-13.1020,43.4715,5.6835
-13.0438,43.5688,5.6818
-12.9841,43.6658,5.6636
-12.9263,43.7617,5.6462
-12.8723,43.8590,5.6571
-12.8184,43.9577,5.6614
-12.7646,44.0576,5.6417
-12.7111,44.1582,5.6054
-12.6579,44.2595,5.5432
-12.6058,44.3603,5.4505
-12.5583,44.4582,5.3718
-12.5139,44.5568,5.3177
-12.4706,44.6575,5.2451
-12.4293,44.7576,5.1549
-12.3910,44.8586,5.0557
-12.3532,44.9602,4.9362
-12.3202,45.0589,4.8029
-12.2916,45.1568,4.7043
-12.2650,45.2700,4.6392
-12.2460,45.3690,4.5756
-12.2282,45.4698,4.4913
-12.2143,45.5691,4.3950
-12.2047,45.6830,4.2942
-12.2007,45.7957,4.1960
-12.2028,45.9052,4.1190
-12.2104,46.0125,4.0667
-12.2250,46.1188,4.0253
-12.2457,46.2256,3.9757
-12.2712,46.3317,3.9212
-12.3017,46.4370,3.8738
-12.3387,46.5368,3.8513
-12.3816,46.6312,3.8615
-12.4300,46.7209,3.8967
-12.4829,46.8098,3.9269
-12.5399,46.8976,3.9399
-12.6022,46.9822,3.9461
-12.6698,47.0626,3.9433
-12.7426,47.1393,3.9476
-12.8183,47.2107,3.9999
-12.8978,47.2777,4.0924
-12.9796,47.3415,4.1916
-13.0656,47.3990,4.3053
-13.1558,47.4535,4.4085
-13.2507,47.5071,4.4506
-13.3490,47.5595,4.4651
-13.4496,47.6059,4.5158
-13.5530,47.6480,4.6091
-13.6569,47.6849,4.7481
-13.7637,47.7160,4.9454
-13.8750,47.7441,5.1412
-13.9751,47.7688,5.2732
-14.0778,47.7943,5.3285
-14.1812,47.8186,5.3250
-14.2835,47.8399,5.2973
-14.3864,47.8577,5.2967
-14.4914,47.8732,5.3298
-14.5980,47.8886,5.3838
-14.7048,47.9012,5.4720
-14.8133,47.9121,5.5496
-14.9235,47.9220,5.5938
-15.0352,47.9310,5.6328
-15.1474,47.9388,5.6707
-15.2591,47.9454,5.6716
-15.3677,47.9556,5.6875
-15.4773,47.9675,5.7232
-15.5887,47.9794,5.7402
-15.7015,47.9906,5.7548
-15.8153,48.0008,5.7856
-15.9296,48.0100,5.8057
-16.0444,48.0187,5.8139
-16.1597,48.0268,5.8203
-16.2753,48.0343,5.8253
-16.3902,48.0415,5.8241
-16.5039,48.0472,5.8143
-16.6168,48.0537,5.7980
-16.7303,48.0619,5.7953
-16.8445,48.0709,5.7887
-16.9595,48.0784,5.7867
-17.0750,48.0853,5.7986
-17.1904,48.0912,5.8163
-17.3062,48.0963,5.8200
-17.4223,48.1009,5.8184
-17.5388,48.1049,5.8138
-17.6557,48.1087,5.7951
-17.7700,48.1129,5.7713
-17.8828,48.1192,5.7619
-17.9961,48.1264,5.7663
-18.1102,48.1346,5.7686
-18.2250,48.1419,5.7745
-18.3405,48.1481,5.7931
-18.4562,48.1534,5.7923
-18.5720,48.1579,5.7674
-18.6882,48.1619,5.7433
-18.8039,48.1652,5.7232
-18.9193,48.1679,5.6897
-19.0298,48.1734,5.6840
-19.1406,48.1814,5.7128
-19.2527,48.1899,5.7421
-19.3664,48.1979,5.7641
-19.4809,48.2054,5.7904
-19.5962,48.2122,5.8106
-19.7115,48.2179,5.8159
-19.8272,48.2230,5.8157
-19.9431,48.2274,5.8125
-20.0591,48.2309,5.8070
-20.1756,48.2344,5.7897
-20.2894,48.2385,5.7693
-20.4025,48.2442,5.7619
-20.5161,48.2509,5.7702
-20.6306,48.2593,5.7827
-20.7457,48.2667,5.7963
-20.8613,48.2732,5.8152
-20.9772,48.2791,5.8330
-21.0935,48.2844,5.8369
-21.2100,48.2890,5.8271
-21.3266,48.2930,5.8179
-21.4429,48.2967,5.8086
-21.5579,48.2993,5.7889
-21.6704,48.3035,5.7798
-21.7829,48.3097,5.7934
-21.8964,48.3165,5.8074
-22.0107,48.3229,5.8105
-22.1259,48.3288,5.8206
-22.2415,48.3340,5.8306
-22.3573,48.3385,5.8378
-22.4732,48.3423,5.8484
-22.5894,48.3450,5.8705
-22.7059,48.3472,5.8626
-22.8224,48.3501,5.8256
-22.9384,48.3531,5.7772
-23.0544,48.3552,5.7246
-23.1664,48.3564,5.6627
-23.2751,48.3620,5.6518
-23.3849,48.3693,5.6847
-23.4964,48.3771,5.7173
-23.6093,48.3837,5.7542
-23.7235,48.3896,5.8051
-23.8384,48.3948,5.8400
-23.9538,48.3995,5.8557
-24.0695,48.4036,5.8788
-24.1856,48.4070,5.8860
-24.3021,48.4101,5.8541
-24.4183,48.4139,5.8009
-24.5344,48.4168,5.7504
-24.6487,48.4185,5.6883
-24.7605,48.4222,5.6459
-24.8718,48.4296,5.6544
-24.9842,48.4377,5.6841
-25.0981,48.4456,5.7081
-25.2126,48.4525,5.7436
-25.3277,48.4580,5.7749
-25.4434,48.4626,5.7935
-25.5595,48.4667,5.7883
-25.6759,48.4703,5.7612
-25.7925,48.4735,5.7325
-25.9076,48.4753,5.7088
-26.0214,48.4760,5.6776
-26.1310,48.4792,5.6808
-26.2410,48.4859,5.7279
-26.3527,48.4923,5.7681
-26.4660,48.4979,5.7996
-26.5802,48.5040,5.8282
-26.6952,48.5093,5.8230
-26.8106,48.5139,5.7861
-26.9263,48.5173,5.7618
-27.0420,48.5202,5.7343
-27.1560,48.5229,5.7004
-27.2673,48.5280,5.6981
-27.3786,48.5353,5.7289
-27.4910,48.5428,5.7500
-27.6048,48.5489,5.7708
-27.7194,48.5540,5.7961
-27.8345,48.5581,5.8089
-27.9496,48.5633,5.7975
-28.0643,48.5677,5.7873
-28.1767,48.5742,5.7900
-28.2893,48.5827,5.8133
-28.4032,48.5909,5.8216
-28.5180,48.5988,5.8212
-28.6333,48.6064,5.8273
-28.7490,48.6130,5.8220
-28.8646,48.6188,5.7910
-28.9793,48.6266,5.7854
-29.0938,48.6359,5.7932
-29.2085,48.6456,5.7764
-29.3224,48.6531,5.7700
-29.4371,48.6602,5.7711
-29.5517,48.6666,5.7464
-29.6656,48.6749,5.7279
-29.7797,48.6849,5.7333
-29.8942,48.6962,5.7317
-30.0080,48.7053,5.7447
-30.1221,48.7130,5.7779
-30.2364,48.7216,5.8015
-30.3507,48.7321,5.8294
-30.4655,48.7430,5.8635
-30.5811,48.7535,5.8773
-30.6958,48.7643,5.8815
-30.8101,48.7761,5.8834
-30.9248,48.7884,5.8687
-31.0403,48.8008,5.8455
-31.1556,48.8126,5.8302
-31.2696,48.8225,5.8183
-31.3836,48.8348,5.8137
-31.4976,48.8484,5.8255
-31.6122,48.8616,5.8397
-31.7258,48.8734,5.8619
-31.8398,48.8855,5.8810
-31.9541,48.8994,5.9047
-32.0692,48.9129,5.9214
-32.1842,48.9272,5.9383
-32.3000,48.9414,5.9454
-32.4158,48.9552,5.9469
-32.5313,48.9686,5.9300
-32.6464,48.9824,5.9085
-32.7619,48.9967,5.8810
-32.8770,49.0105,5.8456
-32.9914,49.0252,5.8195
-33.1056,49.0420,5.8105
-33.2201,49.0579,5.8095
-33.3339,49.0715,5.8223
-33.4466,49.0874,5.8519
-33.5599,49.1044,5.8790
-33.6734,49.1196,5.8888
-33.7869,49.1354,5.8895
-33.9006,49.1517,5.8767
-34.0151,49.1668,5.8591
-34.1290,49.1827,5.8441
-34.2427,49.2007,5.8530
-34.3566,49.2194,5.8659
-34.4712,49.2362,5.8901
-34.5858,49.2541,5.9099
-34.7005,49.2722,5.9293
-34.8149,49.2904,5.9385
-34.9294,49.3095,5.9447
-35.0438,49.3281,5.9437
-35.1575,49.3470,5.9434
-35.2716,49.3666,5.9420
-35.3859,49.3853,5.9373
-35.4989,49.4054,5.9407
-35.6125,49.4257,5.9462
-35.7256,49.4450,5.9547
-35.8392,49.4648,5.9589
-35.9529,49.4844,5.9596
-36.0654,49.5033,5.9451
-36.1780,49.5228,5.9219
-36.2915,49.5425,5.8982
-36.4056,49.5610,5.8764
-36.5198,49.5807,5.8616
-36.6335,49.6011,5.8665
-36.7461,49.6227,5.8886
-36.8594,49.6444,5.9055
-36.9730,49.6647,5.9270
-37.0868,49.6862,5.9429
-37.2006,49.7076,5.9498
-37.3143,49.7288,5.9465
-37.4284,49.7510,5.9494
-37.5412,49.7727,5.9470
-37.6536,49.7933,5.9450
-37.7667,49.8147,5.9415
-37.8804,49.8354,5.9407
-37.9943,49.8562,5.9328
-38.1085,49.8772,5.9277
-38.2217,49.8989,5.9252
-38.3352,49.9212,5.9211
-38.4489,49.9423,5.9102
-38.5623,49.9649,5.8995
-38.6758,49.9878,5.8883
-38.7885,50.0093,5.8777
-38.9019,50.0308,5.8657
-39.0152,50.0523,5.8622
-39.1272,50.0714,5.8717
-39.2398,50.0913,5.8811
-39.3523,50.1113,5.8952
-39.4644,50.1323,5.9163
-39.5774,50.1539,5.9371
-39.6903,50.1747,5.9429
-39.8034,50.1960,5.9408
-39.9169,50.2178,5.9314
-40.0296,50.2382,5.9204
-40.1424,50.2591,5.9069
-40.2552,50.2805,5.9065
-40.3672,50.3031,5.9212
-40.4800,50.3258,5.9379
-40.5929,50.3479,5.9539
-40.7064,50.3704,5.9678
-40.8197,50.3928,5.9733
-40.9332,50.4146,5.9692
-41.0471,50.4372,5.9639
-41.1612,50.4595,5.9597
-41.2750,50.4824,5.9594
-41.3888,50.5051,5.9631
-41.5019,50.5264,5.9715
-41.6148,50.5490,5.9764
-41.7284,50.5710,5.9783
-41.8423,50.5932,5.9765
-41.9562,50.6158,5.9686
-42.0697,50.6375,5.9555
-42.1828,50.6609,5.9466
-42.2961,50.6837,5.9366
-42.4094,50.7064,5.9297
-42.5226,50.7305,5.9277
-42.6345,50.7530,5.9312
-42.7470,50.7754,5.9376
-42.8597,50.7976,5.9457
-42.9731,50.8195,5.9479
-43.0867,50.8425,5.9512
-43.2003,50.8648,5.9527
-43.3142,50.8870,5.9529
-43.4286,50.9093,5.9511
-43.5418,50.9302,5.9562
-43.6547,50.9518,5.9567
-43.7684,50.9734,5.9535
-43.8816,50.9946,5.9445
-43.9945,51.0169,5.9427
-44.1072,51.0393,5.9376
-44.2198,51.0609,5.9344
-44.3329,51.0830,5.9348
-44.4460,51.1040,5.9405
-44.5596,51.1251,5.9409
-44.6733,51.1468,5.9380
-44.7857,51.1680,5.9265
-44.8985,51.1904,5.9075
-45.0110,51.2115,5.8873
-45.1234,51.2326,5.8651
-45.2364,51.2543,5.8520
-45.3475,51.2769,5.8577
-45.4589,51.3008,5.8750
-45.5707,51.3240,5.8944
-45.6832,51.3464,5.9165
-45.7962,51.3699,5.9323
-45.9096,51.3929,5.9362
-46.0228,51.4170,5.9373
-46.1354,51.4406,5.9363
-46.2479,51.4632,5.9386
-46.3610,51.4866,5.9443
-46.4744,51.5088,5.9530
-46.5881,51.5312,5.9590
-46.7020,51.5541,5.9660
-46.8160,51.5766,5.9659
-46.9302,51.6000,5.9617
-47.0443,51.6222,5.9569
-47.1585,51.6445,5.9472
-47.2728,51.6672,5.9372
-47.3866,51.6886,5.9329
-47.5007,51.7103,5.9287
-47.6139,51.7318,5.9271
-47.7263,51.7543,5.9352
-47.8396,51.7771,5.9429
-47.9530,51.7987,5.9435
-48.0666,51.8216,5.9417
-48.1800,51.8445,5.9370
-48.2932,51.8664,5.9285
-48.4068,51.8894,5.9184
-48.5191,51.9109,5.9204
-48.6314,51.9311,5.9324
-48.7442,51.9525,5.9409
-48.8575,51.9727,5.9401
-48.9711,51.9938,5.9321
-49.0848,52.0152,5.9151
-49.1980,52.0354,5.8927
-49.3110,52.0567,5.8782
-49.4233,52.0783,5.8780
-49.5351,52.1014,5.8924
-49.6477,52.1247,5.9085
-49.7606,52.1473,5.9197
-49.8738,52.1708,5.9226
-49.9874,52.1936,5.9229
-50.1017,52.2156,5.9199
-50.2160,52.2385,5.9164
-50.3298,52.2614,5.9192
-50.4433,52.2854,5.9302
-50.5566,52.3085,5.9380
-50.6699,52.3316,5.9452
-50.7834,52.3547,5.9508
-50.8971,52.3768,5.9512
-51.0108,52.3994,5.9469
-51.1243,52.4221,5.9369
-51.2379,52.4446,5.9151
-51.3519,52.4672,5.8951
-51.4653,52.4880,5.8864
-51.5791,52.5094,5.8750
-51.6926,52.5311,5.8761
-51.8044,52.5538,5.8936
-51.9167,52.5773,5.9167
-52.0293,52.6000,5.9283
-52.1422,52.6239,5.9431
-52.2554,52.6478,5.9484
-52.3683,52.6704,5.9488
-52.4814,52.6940,5.9428
-52.5949,52.7170,5.9428
-52.7086,52.7390,5.9438
-52.8220,52.7624,5.9499
-52.9355,52.7852,5.9559
-53.0488,52.8088,5.9624
-53.1623,52.8317,5.9675
-53.2756,52.8545,5.9732
-53.3889,52.8773,5.9775
-53.5025,52.8997,5.9774
-53.6163,52.9225,5.9762
-53.7301,52.9455,5.9750
-53.8439,52.9682,5.9708
-53.9577,52.9915,5.9641
-54.0710,53.0135,5.9591
-54.1847,53.0358,5.9518
-54.2985,53.0579,5.9438
-54.4124,53.0800,5.9383
-54.5266,53.1030,5.9367
-54.6399,53.1251,5.9382
-54.7527,53.1457,5.9411
-54.8659,53.1676,5.9427
-54.9793,53.1887,5.9338
-55.0926,53.2101,5.9161
-55.2063,53.2316,5.8723
-55.3188,53.2512,5.8150
-55.4305,53.2708,5.7581
-55.5426,53.2925,5.7158
-55.6556,53.3134,5.6822
-55.7663,53.3313,5.6856
-55.8767,53.3460,5.7165
-55.9888,53.3617,5.7478
-56.1019,53.3783,5.7658
-56.2161,53.3942,5.7856
-56.3300,53.4092,5.7970
-56.4430,53.4216,5.8015
-56.5559,53.4351,5.8066
-56.6689,53.4499,5.8229
-56.7830,53.4652,5.8337
-56.8973,53.4791,5.8331
-57.0119,53.4921,5.8188
-57.1255,53.5050,5.8045
-57.2390,53.5198,5.7808
-57.3535,53.5338,5.7552
-57.4671,53.5464,5.7476
-57.5807,53.5568,5.7630
-57.6941,53.5666,5.7767
-57.8074,53.5788,5.7996
-57.9215,53.5917,5.8314
-58.0365,53.6036,5.8493
-58.1515,53.6152,5.8550
-58.2652,53.6267,5.8575
-58.3789,53.6400,5.8600
-58.4933,53.6535,5.8538
-58.6083,53.6659,5.8472
-58.7222,53.6776,5.8409
-58.8355,53.6905,5.8424
-58.9494,53.7047,5.8483
-59.0639,53.7179,5.8567
-59.1786,53.7299,5.8698
-59.2922,53.7415,5.8702
-59.4060,53.7545,5.8636
-59.5204,53.7673,5.8422
-59.6356,53.7793,5.8203
-59.7509,53.7908,5.7951
-59.8656,53.8009,5.7924
-59.9805,53.8101,5.7906
-60.0960,53.8189,5.7937
-60.2121,53.8271,5.8034
-60.3262,53.8337,5.8162
-60.4399,53.8401,5.8091
-60.5540,53.8484,5.8119
-60.6685,53.8578,5.8187
-60.7838,53.8664,5.8185
-60.8996,53.8742,5.8212
-61.0156,53.8813,5.8332
-61.1315,53.8878,5.8350
-61.2477,53.8937,5.8317
-61.3643,53.8989,5.8354
-61.4806,53.9038,5.8292
-61.5964,53.9083,5.8239
-61.7119,53.9114,5.8221
-61.8272,53.9139,5.8189
-61.9424,53.9154,5.8099
-62.0573,53.9188,5.8075
-62.1727,53.9228,5.8053
-62.2878,53.9254,5.8048
-62.4032,53.9264,5.8182
-62.5185,53.9269,5.8343
-62.6332,53.9289,5.8545
-62.7484,53.9313,5.8745
-62.8636,53.9323,5.8987
-62.9791,53.9324,5.9178
-63.0944,53.9338,5.9335
-63.2096,53.9341,5.9424
-63.3251,53.9343,5.9490
-63.4404,53.9356,5.9447
-63.5560,53.9362,5.9336
-63.6721,53.9367,5.9205
-63.7882,53.9368,5.9068
-63.9040,53.9364,5.8901
-64.0191,53.9377,5.8849
-64.1345,53.9393,5.8791
-64.2503,53.9398,5.8812
-64.3665,53.9395,5.8860
-64.4821,53.9399,5.8978
-64.5977,53.9411,5.8987
-64.7136,53.9411,5.9075
-64.8296,53.9405,5.9092
-64.9452,53.9409,5.9123
-65.0610,53.9416,5.9079
-65.1768,53.9408,5.9109
-65.2922,53.9400,5.8987
-65.4076,53.9402,5.8946
-65.5231,53.9409,5.8783
-65.6386,53.9405,5.8658
-65.7536,53.9404,5.8499
-65.8684,53.9425,5.8541
-65.9838,53.9439,5.8495
-66.0994,53.9437,5.8637
-66.2153,53.9431,5.8752
-66.3311,53.9435,5.8864
-66.4471,53.9442,5.8858
-66.5633,53.9440,5.8888
-66.6794,53.9431,5.8853
-66.7955,53.9432,5.8870
-66.9111,53.9443,5.8922
-67.0269,53.9446,5.9007
-67.1432,53.9441,5.9101
-67.2595,53.9437,5.9154
-67.3758,53.9444,5.9147
-67.4922,53.9442,5.8979
-67.6087,53.9434,5.8613
-67.7248,53.9437,5.8148
-67.8411,53.9445,5.7669
-67.9577,53.9443,5.7237
-68.0731,53.9430,5.6973
-68.1853,53.9390,5.7009
-68.2986,53.9345,5.7263
-68.4126,53.9287,5.7579
-68.5268,53.9238,5.7937
-68.6414,53.9204,5.8366
-68.7565,53.9177,5.8557
-68.8726,53.9155,5.8419
-68.9888,53.9125,5.8243
-69.1047,53.9095,5.7910
-69.2192,53.9076,5.7340
-69.3295,53.9025,5.7067
-69.4406,53.8956,5.7040
-69.5529,53.8883,5.6783
-69.6660,53.8821,5.6688
-69.7795,53.8775,5.6755
-69.8934,53.8740,5.6702
-70.0042,53.8686,5.6568
-70.1141,53.8601,5.6748
-70.2255,53.8512,5.6903
-70.3380,53.8444,5.7140
-70.4506,53.8380,5.7225
-70.5610,53.8287,5.7509
-70.6723,53.8178,5.7916
-70.7846,53.8065,5.8219
-70.8971,53.7969,5.8376
-71.0098,53.7851,5.8677
-71.1235,53.7726,5.8852
-71.2378,53.7612,5.8713
-71.3513,53.7483,5.8626
-71.4655,53.7347,5.8560
-71.5802,53.7216,5.8453
-71.6953,53.7097,5.8251
-71.8082,53.6961,5.8241
-71.9214,53.6810,5.8315
-72.0350,53.6677,5.8428
-72.1487,53.6550,5.8546
-72.2618,53.6408,5.8705
-72.3756,53.6259,5.8759
-72.4898,53.6122,5.8662
-72.6030,53.5974,5.8473
-72.7165,53.5816,5.8276
-72.8305,53.5678,5.8062
-72.9448,53.5547,5.7896
-73.0576,53.5408,5.7817
-73.1701,53.5248,5.7923
-73.2833,53.5095,5.7917
-73.3957,53.4958,5.7901
-73.5084,53.4834,5.7710
-73.6208,53.4687,5.7486
-73.7343,53.4541,5.7058
-73.8479,53.4407,5.6636
-73.9610,53.4293,5.6252
-74.0745,53.4195,5.6000
-74.1884,53.4115,5.5601
-74.3018,53.4023,5.5086
-74.4135,53.3903,5.4624
-74.5253,53.3776,5.4081
-74.6353,53.3626,5.3362
-74.7438,53.3459,5.2325
-74.8520,53.3263,5.0809
-74.9603,53.3048,4.8421
-75.0678,53.2810,4.5003
-75.1717,53.2552,4.0708
-75.2675,53.2259,3.6097
-75.3708,53.1865,3.1658
-75.4622,53.1427,2.7723
-75.5563,53.0857,2.4747
-75.6392,53.0229,2.2820
-75.7203,52.9459,2.1637
-75.7890,52.8638,2.0853
-75.8454,52.7804,2.0644
-75.8927,52.6910,2.0810
-75.9341,52.5955,2.1084
-75.9642,52.4891,2.1606
-75.9813,52.3814,2.2808
-75.9882,52.2721,2.4484
-75.9837,52.1620,2.6354
-75.9699,52.0611,2.8918
-75.9452,51.9587,3.2419
-75.9109,51.8531,3.6014
-75.8742,51.7551,3.9302
-75.8297,51.6581,4.2684
-75.7765,51.5588,4.5663
-75.7263,51.4665,4.7738
-75.6715,51.3717,4.9524
-75.6115,51.2773,5.1459
-75.5462,51.1829,5.3267
-75.4873,51.1012,5.4963
-75.4258,51.0178,5.6413
-75.3630,50.9312,5.7263
-75.2983,50.8431,5.7536
-75.2319,50.7546,5.7372
-75.1653,50.6653,5.6826
-75.0974,50.5770,5.6305
-75.0277,50.4901,5.6070
-74.9567,50.4033,5.5929
-74.8851,50.3168,5.5937
-74.8120,50.2321,5.6254
-74.7378,50.1475,5.6664
-74.6624,50.0635,5.7040
-74.5854,49.9808,5.7478
-74.5077,49.8975,5.7849
-74.4297,49.8134,5.8009
-74.3513,49.7300,5.8129
-74.2721,49.6478,5.8356
-74.1925,49.5670,5.8600
-74.1129,49.4861,5.8803
-74.0329,49.4051,5.9018
-73.9523,49.3245,5.9135
-73.8717,49.2429,5.9109
-73.7908,49.1614,5.9029
-73.7083,49.0807,5.9037
-73.6268,48.9989,5.9044
-73.5454,48.9168,5.9170
-73.4641,48.8340,5.9267
-73.3823,48.7516,5.9353
-73.3007,48.6699,5.9358
-73.2199,48.5871,5.9423
-73.1392,48.5048,5.9406
-73.0582,48.4236,5.9477
-72.9771,48.3421,5.9522
-72.8962,48.2610,5.9585
-72.8148,48.1800,5.9560
-72.7336,48.0985,5.9546
-72.6526,48.0172,5.9406
-72.5707,47.9364,5.9306
-72.4888,47.8550,5.9135
-72.4070,47.7728,5.8961
-72.3254,47.6904,5.8766
-72.2432,47.6099,5.8708
-72.1611,47.5294,5.8618
-72.0792,47.4481,5.8650
-71.9981,47.3657,5.8803
-71.9169,47.2830,5.8952
-71.8359,47.2010,5.8924
-71.7550,47.1200,5.8831
-71.6739,47.0385,5.8693
-71.5923,46.9576,5.8448
-71.5108,46.8762,5.8234
-71.4315,46.7941,5.8261
-71.3525,46.7114,5.8476
-71.2736,46.6278,5.8689
-71.1935,46.5449,5.8975
-71.1132,46.4618,5.9304
-71.0323,46.3789,5.9509
-70.9513,46.2958,5.9552
-70.8704,46.2127,5.9551
-70.7900,46.1298,5.9525
-70.7100,46.0471,5.9382
-70.6295,45.9643,5.9206
-70.5482,45.8817,5.9142
-70.4662,45.7990,5.9139
-70.3844,45.7167,5.9088
-70.3032,45.6338,5.9126
-70.2233,45.5508,5.9256
-70.1426,45.4677,5.9302
-70.0616,45.3844,5.9312
-69.9807,45.3015,5.9355
-69.8996,45.2195,5.9342
-69.8181,45.1372,5.9132
-69.7369,45.0544,5.8972
-69.6559,44.9720,5.8794
-69.5757,44.8890,5.8597
-69.4957,44.8071,5.8417
-69.4141,44.7275,5.8401
-69.3331,44.6469,5.8287
-69.2519,44.5654,5.8241
-69.1710,44.4840,5.8138
-69.0920,44.4030,5.8072
-69.0141,44.3213,5.8074
-68.9359,44.2386,5.8128
-68.8572,44.1552,5.8105
-68.7771,44.0728,5.8276
-68.6959,43.9908,5.8503
-68.6150,43.9080,5.8639
-68.5345,43.8247,5.8814
-68.4546,43.7405,5.9021
-68.3743,43.6564,5.9068
-68.2940,43.5723,5.9001
-68.2133,43.4881,5.8952
-68.1326,43.4048,5.8882
-68.0513,43.3223,5.8842
-67.9699,43.2397,5.8886
-67.8878,43.1575,5.9008
-67.8053,43.0755,5.9113
-67.7240,42.9929,5.9283
-67.6430,42.9101,5.9478
-67.5618,42.8273,5.9594
-67.4806,42.7450,5.9600
-67.3994,42.6625,5.9468
-67.3184,42.5798,5.9180
-67.2372,42.4975,5.8830
-67.1563,42.4144,5.8441
-67.0766,42.3320,5.8145
-66.9982,42.2485,5.8080
-66.9200,42.1639,5.8183
-66.8418,42.0794,5.8241
-66.7624,41.9958,5.8419
-66.6820,41.9125,5.8639
-66.6020,41.8285,5.8766
-66.5227,41.7441,5.8794
-66.4428,41.6611,5.8938
-66.3621,41.5784,5.9058
-66.2822,41.4957,5.9082
-66.2018,41.4137,5.9113
-66.1213,41.3317,5.9221
-66.0402,41.2502,5.9276
-65.9595,41.1681,5.9310
-65.8794,41.0853,5.9377
-65.7989,41.0033,5.9417
-65.7182,40.9211,5.9260
-65.6378,40.8380,5.8981
-65.5575,40.7562,5.8723
-65.4763,40.6744,5.8496
-65.3952,40.5922,5.8297
-65.3157,40.5099,5.8302
-65.2376,40.4260,5.8521
-65.1587,40.3421,5.8694
-65.0796,40.2584,5.8825
-65.0004,40.1741,5.8943
-64.9203,40.0906,5.8999
-64.8397,40.0078,5.8978
-64.7596,39.9239,5.8894
-64.6792,39.8396,5.8682
-64.5993,39.7558,5.8443
-64.5189,39.6728,5.8222
-64.4384,39.5914,5.7994
-64.3605,39.5096,5.7909
-64.2833,39.4268,5.8060
-64.2067,39.3429,5.8249
-64.1283,39.2598,5.8493
-64.0497,39.1763,5.8710
-63.9713,39.0918,5.8929
-63.8935,39.0069,5.9016
-63.8158,38.9215,5.9049
-63.7378,38.8359,5.8985
-63.6593,38.7502,5.8961
-63.5813,38.6660,5.8853
-63.5059,38.5815,5.8816
-63.4302,38.4964,5.8834
-63.3547,38.4109,5.8816
-63.2796,38.3260,5.8680
-63.2046,38.2408,5.8522
-63.1299,38.1546,5.8370
-63.0558,38.0682,5.8241
-62.9819,37.9812,5.8177
-62.9090,37.8934,5.8264
-62.8368,37.8056,5.8479
-62.7645,37.7168,5.8665
-62.6918,37.6281,5.8767
-62.6204,37.5383,5.8827
-62.5484,37.4480,5.8789
-62.4767,37.3575,5.8586
-62.4049,37.2674,5.8293
-62.3349,37.1776,5.8055
-62.2659,37.0873,5.7925
-62.1978,36.9971,5.7892
-62.1297,36.9058,5.7983
-62.0620,36.8134,5.8173
-61.9947,36.7199,5.8362
-61.9271,36.6257,5.8502
-61.8598,36.5310,5.8622
-61.7926,36.4363,5.8722
-61.7266,36.3416,5.8875
-61.6611,36.2459,5.9066
-61.5956,36.1501,5.9181
-61.5302,36.0544,5.9241
-61.4644,35.9585,5.9179
-61.3982,35.8629,5.8907
-61.3326,35.7671,5.8618
-61.2677,35.6708,5.8420
-61.2034,35.5742,5.8205
-61.1389,35.4798,5.8126
-61.0725,35.3865,5.8298
-61.0064,35.2927,5.8435
-60.9404,35.1983,5.8550
-60.8751,35.1044,5.8727
-60.8104,35.0095,5.8886
-60.7457,34.9135,5.8951
-60.6802,34.8176,5.8989
-60.6145,34.7218,5.8984
-60.5488,34.6260,5.8969
-60.4826,34.5314,5.8990
-60.4161,34.4368,5.8923
-60.3505,34.3425,5.8826
-60.2859,34.2472,5.8694
-60.2203,34.1527,5.8524
-60.1559,34.0593,5.8289
-60.0920,33.9647,5.8147
-60.0289,33.8698,5.8140
-59.9676,33.7745,5.8275
-59.9057,33.6786,5.8360
-59.8436,33.5821,5.8344
-59.7823,33.4854,5.8316
-59.7217,33.3880,5.8213
-59.6609,33.2912,5.7968
-59.6016,33.1939,5.7852
-59.5434,33.0958,5.7941
-59.4856,32.9976,5.7983
-59.4281,32.8995,5.8023
-59.3721,32.8008,5.8232
-59.3161,32.7017,5.8444
-59.2599,32.6022,5.8546
-59.2048,32.5020,5.8692
-59.1504,32.4009,5.8821
-59.0953,32.3000,5.8744
-59.0404,32.1990,5.8519
-58.9858,32.0980,5.8344
-58.9326,31.9966,5.8244
-58.8800,31.8955,5.8222
-58.8284,31.7936,5.8400
-58.7770,31.6907,5.8668
-58.7258,31.5872,5.8806
-58.6739,31.4833,5.8787
-58.6219,31.3800,5.8718
-58.5697,31.2775,5.8536
-58.5187,31.1748,5.8433
-58.4688,31.0719,5.8541
-58.4201,30.9691,5.8802
-58.3715,30.8661,5.9077
-58.3228,30.7626,5.9385
-58.2744,30.6590,5.9605
-58.2250,30.5553,5.9692
-58.1762,30.4508,5.9685
-58.1272,30.3461,5.9617
-58.0785,30.2414,5.9409
-58.0294,30.1367,5.9203
-57.9802,30.0315,5.8965
-57.9301,29.9270,5.8724
-57.8808,29.8226,5.8560
-57.8336,29.7174,5.8613
-57.7856,29.6129,5.8597
-57.7368,29.5084,5.8646
-57.6876,29.4042,5.8754
-57.6381,29.3003,5.8866
-57.5884,29.1962,5.8897
-57.5405,29.0927,5.9035
-57.4929,28.9890,5.9157
-57.4456,28.8850,5.9256
-57.3978,28.7809,5.9273
-57.3504,28.6762,5.9231
-57.3024,28.5717,5.9195
-57.2533,28.4678,5.9200
-57.2047,28.3638,5.9166
-57.1566,28.2597,5.9212
-57.1087,28.1555,5.9302
-57.0612,28.0506,5.9329
-57.0127,27.9458,5.9355
-56.9640,27.8408,5.9410
-56.9155,27.7360,5.9394
-56.8675,27.6312,5.9386
-56.8204,27.5270,5.9376
-56.7729,27.4225,5.9230
-56.7249,27.3174,5.9063
-56.6768,27.2125,5.8925
-56.6277,27.1084,5.8704
-56.5801,27.0042,5.8496
-56.5332,26.9000,5.8489
-56.4868,26.7950,5.8450
-56.4394,26.6899,5.8349
-56.3908,26.5847,5.8395
-56.3415,26.4800,5.8472
-56.2924,26.3755,5.8387
-56.2440,26.2711,5.8353
-56.1976,26.1670,5.8481
-56.1511,26.0619,5.8513
-56.1035,25.9569,5.8536
-56.0556,25.8517,5.8643
-56.0073,25.7474,5.8819
-55.9582,25.6441,5.8876
-55.9106,25.5396,5.8991
-55.8625,25.4352,5.9066
-55.8151,25.3305,5.9102
-55.7680,25.2257,5.9064
-55.7194,25.1217,5.9016
-55.6719,25.0177,5.8872
-55.6249,24.9133,5.8783
-55.5781,24.8084,5.8751
-55.5318,24.7035,5.8673
-55.4839,24.5990,5.8647
-55.4353,24.4942,5.8717
-55.3863,24.3895,5.8766
-55.3372,24.2857,5.8643
-55.2890,24.1818,5.8534
-55.2413,24.0775,5.8408
-55.1943,23.9731,5.8126
-55.1470,23.8683,5.7799
-55.0979,23.7645,5.7731
-55.0482,23.6612,5.7753
-54.9998,23.5591,5.7832
-54.9537,23.4566,5.8146
-54.9078,23.3531,5.8506
-54.8609,23.2489,5.8716
-54.8136,23.1439,5.8852
-54.7662,23.0391,5.8908
-54.7181,22.9343,5.8900
-54.6694,22.8300,5.8937
-54.6202,22.7260,5.9038
-54.5713,22.6218,5.9133
-54.5234,22.5170,5.9230
-54.4748,22.4125,5.9255
-54.4268,22.3071,5.9234
-54.3787,22.2018,5.9155
-54.3303,22.0968,5.9140
-54.2811,21.9924,5.9215
-54.2314,21.8879,5.9323
-54.1822,21.7835,5.9413
-54.1331,21.6786,5.9537
-54.0838,21.5735,5.9559
-54.0348,21.4685,5.9426
-53.9860,21.3636,5.9237
-53.9380,21.2590,5.9067
-53.8897,21.1544,5.8870
-53.8407,21.0495,5.8762
-53.7912,20.9458,5.8726
-53.7409,20.8429,5.8737
-53.6906,20.7391,5.8689
-53.6399,20.6356,5.8638
-53.5892,20.5328,5.8504
-53.5409,20.4298,5.8368
-53.4921,20.3264,5.8214
-53.4442,20.2224,5.8139
-53.3967,20.1178,5.8090
-53.3482,20.0131,5.8126
-53.2981,19.9090,5.8303
-53.2476,19.8048,5.8593
-53.1960,19.7011,5.8893
-53.1454,19.5968,5.9192
-53.0946,19.4921,5.9475
-53.0446,19.3879,5.9618
-52.9942,19.2844,5.9654
-52.9439,19.1801,5.9655
-52.8932,19.0760,5.9629
-52.8420,18.9717,5.9529
-52.7912,18.8678,5.9459
-52.7396,18.7642,5.9384
-52.6884,18.6601,5.9275
-52.6369,18.5563,5.9180
-52.5843,18.4531,5.9146
-52.5317,18.3498,5.9078
-52.4802,18.2468,5.9037
-52.4285,18.1436,5.9011
-52.3772,18.0402,5.8996
-52.3267,17.9366,5.9011
-52.2767,17.8327,5.8987
-52.2256,17.7289,5.8899
-52.1745,17.6250,5.8864
-52.1228,17.5215,5.8844
-52.0709,17.4176,5.8827
-52.0187,17.3147,5.8932
-51.9655,17.2131,5.9181
-51.9124,17.1110,5.9372
-51.8598,17.0089,5.9473
-51.8063,16.9064,5.9531
-51.7534,16.8036,5.9488
-51.7003,16.7005,5.9346
-51.6472,16.5978,5.9240
-51.5955,16.4943,5.9228
-51.5436,16.3908,5.9158
-51.4908,16.2876,5.9132
-51.4379,16.1839,5.9123
-51.3853,16.0811,5.9120
-51.3322,15.9787,5.9058
-51.2785,15.8762,5.9097
-51.2239,15.7739,5.9098
-51.1697,15.6710,5.9071
-51.1156,15.5678,5.9007
-51.0606,15.4655,5.9027
-51.0057,15.3651,5.8996
-50.9523,15.2640,5.9035
-50.8986,15.1622,5.9109
-50.8444,15.0603,5.9163
-50.7903,14.9586,5.9171
-50.7354,14.8570,5.9189
-50.6803,14.7553,5.9180
-50.6254,14.6545,5.9146
-50.5719,14.5529,5.9205
-50.5177,14.4521,5.9264
-50.4627,14.3510,5.9368
-50.4079,14.2494,5.9439
-50.3534,14.1471,5.9546
-50.2987,14.0449,5.9567
-50.2444,13.9435,5.9549
-50.1899,13.8427,5.9467
-50.1363,13.7410,5.9438
-50.0822,13.6392,5.9398
-50.0283,13.5376,5.9424
-49.9736,13.4366,5.9517
-49.9188,13.3352,5.9639
-49.8635,13.2334,5.9716
-49.8079,13.1313,5.9756
-49.7528,13.0291,5.9734
-49.6970,12.9272,5.9664
-49.6417,12.8253,5.9563
-49.5870,12.7230,5.9401
-49.5319,12.6219,5.9226
-49.4769,12.5203,5.9045
-49.4213,12.4192,5.8842
-49.3657,12.3177,5.8711
-49.3091,12.2171,5.8722
-49.2514,12.1166,5.8728
-49.1949,12.0157,5.8695
-49.1390,11.9144,5.8706
-49.0826,11.8132,5.8645
-49.0263,11.7118,5.8508
-48.9694,11.6113,5.8492
-48.9112,11.5122,5.8592
-48.8529,11.4130,5.8637
-48.7944,11.3133,5.8663
-48.7368,11.2136,5.8665
-48.6788,11.1139,5.8558
-48.6199,11.0146,5.8501
-48.5606,10.9164,5.8535
-48.5005,10.8179,5.8663
-48.4402,10.7199,5.8816
-48.3792,10.6225,5.8943
-48.3183,10.5247,5.8925
-48.2575,10.4264,5.8879
-48.1972,10.3275,5.8803
-48.1363,10.2297,5.8694
-48.0745,10.1324,5.8651
-48.0124,10.0361,5.8685
-47.9508,9.9391,5.8703
-47.8894,9.8420,5.8608
-47.8271,9.7460,5.8525
-47.7647,9.6521,5.8461
-47.7019,9.5571,5.8371
-47.6385,9.4616,5.8250
-47.5743,9.3662,5.8289
-47.5094,9.2727,5.8414
-47.4437,9.1790,5.8572
-47.3779,9.0850,5.8702
-47.3131,8.9901,5.8872
-47.2472,8.8952,5.8965
-47.1808,8.8006,5.9002
-47.1138,8.7061,5.8983
-47.0480,8.6115,5.9015
-46.9822,8.5161,5.9071
-46.9164,8.4216,5.9116
-46.8498,8.3275,5.9215
-46.7830,8.2334,5.9247
-46.7165,8.1385,5.9261
-46.6498,8.0434,5.9186
-46.5823,7.9486,5.9132
-46.5147,7.8546,5.8980
-46.4484,7.7599,5.8949
-46.3822,7.6648,5.8936
-46.3149,7.5700,5.8994
-46.2475,7.4754,5.9035
-46.1792,7.3810,5.9103
-46.1110,7.2866,5.9124
-46.0429,7.1925,5.9069
-45.9753,7.0986,5.8978
-45.9090,7.0050,5.8978
-45.8431,6.9104,5.9050
-45.7767,6.8160,5.9122
-45.7101,6.7218,5.9267
-45.6432,6.6287,5.9431
-45.5759,6.5348,5.9540
-45.5086,6.4408,5.9557
-45.4411,6.3467,5.9561
-45.3740,6.2528,5.9531
-45.3076,6.1582,5.9518
-45.2407,6.0635,5.9439
-45.1733,5.9686,5.9363
-45.1057,5.8740,5.9288
-45.0390,5.7792,5.9274
-44.9725,5.6839,5.9225
-44.9058,5.5894,5.9223
-44.8384,5.4956,5.9286
-44.7712,5.4015,5.9285
-44.7037,5.3067,5.9245
-44.6358,5.2121,5.9203
-44.5671,5.1180,5.9187
-44.4989,5.0239,5.9097
-44.4322,4.9299,5.9098
-44.3650,4.8359,5.9054
-44.2975,4.7421,5.9066
-44.2291,4.6489,5.8998
-44.1621,4.5553,5.9011
-44.0954,4.4611,5.8958
-44.0277,4.3675,5.8872
-43.9602,4.2735,5.8755
-43.8941,4.1793,5.8707
-43.8279,4.0846,5.8623
-43.7611,3.9906,5.8618
-43.6932,3.8970,5.8760
-43.6250,3.8041,5.8816
-43.5582,3.7100,5.8909
-43.4912,3.6161,5.8942
-43.4235,3.5225,5.8916
-43.3563,3.4288,5.8843
-43.2900,3.3345,5.8940
-43.2238,3.2393,5.8985
-43.1566,3.1447,5.9136
-43.0889,3.0505,5.9259
-43.0216,2.9560,5.9302
-42.9543,2.8616,5.9195
-42.8866,2.7675,5.9027
-42.8188,2.6736,5.8804
-42.7529,2.5799,5.8652
-42.6874,2.4854,5.8583
-42.6211,2.3914,5.8578
-42.5538,2.2977,5.8698
-42.4865,2.2049,5.8811
-42.4204,2.1113,5.8899
-42.3539,2.0168,5.8897
-42.2865,1.9224,5.8925
-42.2185,1.8281,5.8848
-42.1507,1.7333,5.8732
-42.0833,1.6381,5.8662
-42.0169,1.5425,5.8700
-41.9507,1.4464,5.8679
-41.8852,1.3534,5.8703
-41.8185,1.2604,5.8838
-41.7521,1.1666,5.8904
-41.6860,1.0723,5.8894
-41.6197,0.9785,5.8901
-41.5521,0.8850,5.8982
-41.4849,0.7920,5.8973
-41.4181,0.6982,5.8998
-41.3517,0.6047,5.9086
-41.2860,0.5103,5.9134
-41.2197,0.4158,5.9066
-41.1533,0.3210,5.8966
-41.0860,0.2267,5.8800
-41.0189,0.1318,5.8575
-40.9527,0.0365,5.8421
-40.8875,-0.0594,5.8266
-40.8216,-0.1535,5.8065
-40.7551,-0.2463,5.7984
-40.6887,-0.3403,5.7825
-40.6235,-0.4350,5.7590
-40.5578,-0.5290,5.7461
-40.4906,-0.6202,5.7595
-40.4228,-0.7120,5.7661
-40.3568,-0.8046,5.7950
-40.2915,-0.8984,5.8365
-40.2260,-0.9924,5.8728
-40.1601,-1.0865,5.8912
-40.0935,-1.1802,5.9040
-40.0271,-1.2745,5.8978
-39.9608,-1.3699,5.8821
-39.8946,-1.4653,5.8648
-39.8287,-1.5596,5.8515
-39.7617,-1.6530,5.8506
-39.6946,-1.7462,5.8639
-39.6265,-1.8384,5.8802
-39.5581,-1.9315,5.8923
-39.4896,-2.0251,5.9043
-39.4215,-2.1193,5.9121
-39.3535,-2.2130,5.9107
-39.2851,-2.3057,5.9129
-39.2164,-2.3981,5.9236
-39.1478,-2.4897,5.9286
-39.0798,-2.5814,5.9332
-39.0115,-2.6735,5.9381
-38.9434,-2.7664,5.9379
-38.8747,-2.8596,5.9354
-38.8055,-2.9521,5.9397
-38.7364,-3.0445,5.9403
-38.6680,-3.1369,5.9470
-38.5999,-3.2297,5.9575
-38.5311,-3.3229,5.9625
-38.4626,-3.4164,5.9576
-38.3944,-3.5100,5.9561
-38.3266,-3.6030,5.9394
-38.2585,-3.6960,5.9148
-38.1911,-3.7887,5.8891
-38.1245,-3.8821,5.8719
-38.0582,-3.9759,5.8552
-37.9907,-4.0690,5.8536
-37.9221,-4.1615,5.8482
-37.8555,-4.2549,5.8468
-37.7887,-4.3490,5.8459
-37.7215,-4.4432,5.8398
-37.6545,-4.5378,5.8333
-37.5897,-4.6318,5.8462
-37.5259,-4.7266,5.8606
-37.4612,-4.8220,5.8644
-37.3972,-4.9183,5.8723
-37.3330,-5.0142,5.8752
-37.2686,-5.1107,5.8662
-37.2054,-5.2071,5.8577
-37.1438,-5.3039,5.8571
-37.0820,-5.4014,5.8467
-37.0195,-5.4986,5.8263
-36.9576,-5.5960,5.7955
-36.8968,-5.6931,5.7610
-36.8374,-5.7901,5.7326
-36.7795,-5.8870,5.7244
-36.7221,-5.9844,5.7362
-36.6659,-6.0827,5.7745
-36.6108,-6.1817,5.8209
-36.5552,-6.2817,5.8601
-36.5002,-6.3824,5.8856
-36.4444,-6.4825,5.9013
-36.3889,-6.5823,5.8990
-36.3340,-6.6827,5.8898
-36.2797,-6.7836,5.8839
-36.2256,-6.8848,5.8812
-36.1719,-6.9861,5.8714
-36.1182,-7.0873,5.8567
-36.0634,-7.1876,5.8408
-36.0081,-7.2882,5.8131
-35.9531,-7.3884,5.7750
-35.8969,-7.4875,5.7408
-35.8408,-7.5856,5.7091
-35.7832,-7.6837,5.6680
-35.7253,-7.7802,5.6161
-35.6658,-7.8763,5.5380
-35.6056,-7.9721,5.4011
-35.5454,-8.0651,5.2161
-35.4844,-8.1563,5.0143
-35.4213,-8.2455,4.8111
-35.3583,-8.3283,4.6268
-35.2939,-8.4049,4.4975
-35.2158,-8.4883,4.4013
-35.1345,-8.5690,4.2816
-35.0510,-8.6453,4.1250
-34.9660,-8.7155,3.9467
-34.8791,-8.7791,3.7518
-34.7904,-8.8355,3.5580
-34.6993,-8.8862,3.4151
-34.5987,-8.9303,3.3575
-34.4946,-8.9677,3.3688
-34.3867,-8.9968,3.4387
-34.2806,-9.0167,3.5797
-34.1726,-9.0286,3.7883
-34.0616,-9.0336,4.0384
-33.9611,-9.0325,4.3299
-33.8578,-9.0276,4.6495
-33.7525,-9.0173,4.9644
-33.6422,-9.0040,5.2499
-33.5275,-8.9875,5.4829
-33.4247,-8.9731,5.6403
-33.3201,-8.9578,5.7286
-33.2133,-8.9405,5.7695
-33.1048,-8.9231,5.7695
-32.9947,-8.9050,5.7522
-32.8844,-8.8858,5.7441
-32.7735,-8.8651,5.7512
-32.6634,-8.8434,5.7716
-32.5525,-8.8208,5.8052
-32.4409,-8.7974,5.8421
-32.3292,-8.7736,5.8733
-32.2180,-8.7487,5.8907
-32.1061,-8.7244,5.8900
-31.9940,-8.6995,5.8800
-31.8826,-8.6747,5.8685
-31.7711,-8.6487,5.8630
-31.6602,-8.6222,5.8723
-31.5496,-8.5946,5.8909
-31.4388,-8.5678,5.9077
-31.3281,-8.5399,5.9275
-31.2171,-8.5116,5.9433
-31.1063,-8.4837,5.9455
-30.9953,-8.4553,5.9343
-30.8837,-8.4282,5.9212
-30.7724,-8.4001,5.9037
-30.6610,-8.3733,5.8866
-30.5505,-8.3463,5.8715
-30.4399,-8.3176,5.8762
-30.3285,-8.2882,5.8861
-30.2172,-8.2587,5.8965
-30.1060,-8.2289,5.9043
-29.9948,-8.2006,5.9160
-29.8836,-8.1713,5.9154
-29.7730,-8.1418,5.9104
-29.6629,-8.1118,5.9048
-29.5524,-8.0820,5.8969
-29.4425,-8.0512,5.8834
-29.3319,-8.0215,5.8701
-29.2214,-7.9921,5.8664
-29.1105,-7.9642,5.8657
-28.9992,-7.9345,5.8730
-28.8882,-7.9042,5.8804
-28.7772,-7.8752,5.8888
-28.6667,-7.8469,5.8924
-28.5560,-7.8173,5.8892
-28.4449,-7.7883,5.8768
-28.3335,-7.7581,5.8725
-28.2229,-7.7269,5.8764
-28.1129,-7.6965,5.8785
-28.0023,-7.6665,5.8886
-27.8921,-7.6379,5.9094
-27.7817,-7.6087,5.9261
-27.6710,-7.5801,5.9364
-27.5604,-7.5512,5.9470
-27.4495,-7.5216,5.9596
-27.3388,-7.4915,5.9597
-27.2275,-7.4624,5.9548
-27.1166,-7.4321,5.9488
-27.0056,-7.4029,5.9392
-26.8944,-7.3732,5.9209
-26.7832,-7.3428,5.9154
-26.6727,-7.3115,5.9171
-26.5618,-7.2812,5.9192
-26.4513,-7.2504,5.9247
-26.3404,-7.2213,5.9374
-26.2294,-7.1910,5.9446
-26.1184,-7.1620,5.9484
-26.0072,-7.1321,5.9485
-25.8955,-7.1019,5.9401
-25.7843,-7.0713,5.9208
-25.6733,-7.0413,5.9000
-25.5627,-7.0103,5.8727
-25.4517,-6.9803,5.8495
-25.3410,-6.9512,5.8462
-25.2307,-6.9241,5.8549
-25.1205,-6.8957,5.8609
-25.0098,-6.8671,5.8811
-24.8996,-6.8373,5.9013
-24.7894,-6.8084,5.9056
-24.6791,-6.7784,5.9083
-24.5683,-6.7477,5.9182
-24.4575,-6.7171,5.9207
-24.3462,-6.6866,5.9279
-24.2351,-6.6574,5.9430
-24.1239,-6.6276,5.9520
-24.0124,-6.5985,5.9492
-23.9019,-6.5695,5.9417
-23.7913,-6.5400,5.9276
-23.6807,-6.5117,5.9092
-23.5697,-6.4823,5.8980
-23.4588,-6.4517,5.8976
-23.3480,-6.4209,5.9024
-23.2371,-6.3902,5.9051
-23.1270,-6.3604,5.9020
-23.0160,-6.3301,5.8911
-22.9048,-6.2989,5.8828
-22.7947,-6.2672,5.8724
-22.6842,-6.2366,5.8701
-22.5746,-6.2067,5.8775
-22.4646,-6.1781,5.8936
-22.3544,-6.1482,5.9061
-22.2437,-6.1201,5.9227
-22.1326,-6.0909,5.9333
-22.0209,-6.0610,5.9439
-21.9094,-6.0307,5.9465
-21.7981,-6.0015,5.9399
-21.6871,-5.9710,5.9296
-21.5757,-5.9415,5.9196
-21.4634,-5.9122,5.9073
-21.3527,-5.8828,5.8993
-21.2418,-5.8524,5.9052
-21.1311,-5.8216,5.9032
-21.0208,-5.7919,5.9007
-20.9102,-5.7624,5.8955
-20.7995,-5.7325,5.8874
-20.6887,-5.7042,5.8710
-20.5782,-5.6737,5.8701
-20.4680,-5.6423,5.8692
-20.3577,-5.6126,5.8711
-20.2471,-5.5822,5.8698
-20.1365,-5.5531,5.8731
-20.0264,-5.5234,5.8701
-19.9163,-5.4923,5.8742
-19.8061,-5.4615,5.8786
-19.6955,-5.4329,5.8939
-19.5851,-5.4029,5.9050
-19.4742,-5.3737,5.9149
-19.3633,-5.3427,5.9183
-19.2525,-5.3129,5.9209
-19.1409,-5.2835,5.9203
-19.0291,-5.2531,5.9194
-18.9177,-5.2232,5.9162
-18.8066,-5.1952,5.9187
-18.6964,-5.1654,5.9171
-18.5856,-5.1367,5.9100
-18.4744,-5.1069,5.9074
-18.3636,-5.0764,5.9144
-18.2534,-5.0460,5.9153
-18.1427,-5.0169,5.9188
-18.0317,-4.9872,5.9289
-17.9205,-4.9586,5.9284
-17.8093,-4.9288,5.9089
-17.6981,-4.8999,5.8851
-17.5861,-4.8713,5.8684
-17.4745,-4.8436,5.8455
-17.3641,-4.8144,5.8396
-17.2544,-4.7849,5.8568
-17.1451,-4.7537,5.8881
-17.0353,-4.7233,5.9141
-16.9247,-4.6932,5.9454
-16.8143,-4.6624,5.9663
-16.7040,-4.6327,5.9790
-16.5937,-4.6025,5.9789
-16.4827,-4.5725,5.9775
-16.3718,-4.5426,5.9739
-16.2609,-4.5125,5.9705
-16.1501,-4.4832,5.9593
-16.0388,-4.4524,5.9568
-15.9271,-4.4213,5.9501
-15.8167,-4.3917,5.9424
-15.7070,-4.3604,5.9320
-15.5965,-4.3308,5.9245
-15.4853,-4.3009,5.9093
-15.3744,-4.2702,5.9052
-15.2635,-4.2391,5.9020
-15.1524,-4.2092,5.9052
-15.0414,-4.1792,5.9121
-14.9307,-4.1510,5.9255
-14.8200,-4.1216,5.9317
-14.7090,-4.0929,5.9337
-14.5982,-4.0636,5.9319
-14.4871,-4.0338,5.9336
-14.3763,-4.0033,5.9336
-14.2655,-3.9736,5.9319
-14.1546,-3.9435,5.9349
-14.0436,-3.9150,5.9413
-13.9332,-3.8850,5.9433
-13.8226,-3.8560,5.9401
-13.7122,-3.8258,5.9370
-13.6014,-3.7956,5.9311
-13.4907,-3.7650,5.9121
-13.3798,-3.7348,5.8933
-13.2694,-3.7048,5.8805
-13.1584,-3.6763,5.8706
-13.0472,-3.6466,5.8624
-12.9371,-3.6156,5.8717
-12.8266,-3.5849,5.8798
-12.7154,-3.5544,5.8871
-12.6050,-3.5245,5.8929
-12.4939,-3.4954,5.9016
-12.3827,-3.4663,5.9075
-12.2721,-3.4378,5.9124
-12.1610,-3.4089,5.9165
-12.0501,-3.3790,5.9240
-11.9391,-3.3489,5.9276
-11.8279,-3.3186,5.9263
-11.7169,-3.2888,5.9295
-11.6051,-3.2593,5.9322
-11.4931,-3.2293,5.9303
-11.3827,-3.1983,5.9301
-11.2724,-3.1686,5.9309
-11.1625,-3.1376,5.9249
-11.0519,-3.1077,5.9193
-10.9413,-3.0777,5.9219
-10.8308,-3.0492,5.9274
-10.7203,-3.0198,5.9313
-10.6090,-2.9903,5.9419
-10.4977,-2.9598,5.9533
-10.3867,-2.9303,5.9597
-10.2760,-2.8995,5.9653
-10.1649,-2.8696,5.9742
-10.0531,-2.8396,5.9781
-9.9413,-2.8092,5.9749
-9.8307,-2.7793,5.9670
-9.7205,-2.7498,5.9521
-9.6102,-2.7195,5.9260
-9.4995,-2.6903,5.9011
-9.3888,-2.6611,5.8879
-9.2782,-2.6333,5.8793
-9.1673,-2.6042,5.8781
-9.0562,-2.5745,5.8899
-8.9454,-2.5439,5.9048
-8.8344,-2.5136,5.9135
-8.7237,-2.4842,5.9168
-8.6136,-2.4542,5.9121
-8.5034,-2.4242,5.9084
-8.3931,-2.3929,5.9039
-8.2825,-2.3625,5.9001
-8.1716,-2.3320,5.9040
-8.0613,-2.3035,5.9182
-7.9511,-2.2739,5.9240
-7.8410,-2.2444,5.9253
-7.7303,-2.2145,5.9225
-7.6190,-2.1843,5.9186
-7.5082,-2.1531,5.9057
-7.3971,-2.1234,5.8979
-7.2860,-2.0933,5.8984
-7.1752,-2.0650,5.9052
-7.0651,-2.0357,5.9057
-6.9548,-2.0061,5.9111
-6.8445,-1.9760,5.9142
-6.7342,-1.9460,5.9108
-6.6242,-1.9156,5.8959
-6.5133,-1.8868,5.8862
-6.4022,-1.8571,5.8771
-6.2913,-1.8292,5.8694
-6.1803,-1.8001,5.8657
-6.0699,-1.7704,5.8815
-5.9600,-1.7394,5.8973
-5.8493,-1.7098,5.9155
-5.7380,-1.6796,5.9288
-5.6265,-1.6499,5.9311
-5.5147,-1.6200,5.9226
-5.4037,-1.5895,5.9151
-5.2929,-1.5591,5.9012
-5.1812,-1.5292,5.8943
-5.0695,-1.5006,5.8945
-4.9586,-1.4725,5.8937
-4.8480,-1.4432,5.8935
-4.7370,-1.4151,5.8978
-4.6254,-1.3864,5.8988
-4.5155,-1.3558,5.9029
-4.4058,-1.3263,5.9112
-4.2957,-1.2959,5.9050
-4.1853,-1.2660,5.8882
-4.0747,-1.2359,5.8768
-3.9642,-1.2077,5.8682
-3.8537,-1.1794,5.8487
-3.7431,-1.1495,5.8529
-3.6326,-1.1187,5.8641
-3.5222,-1.0881,5.8592
-3.4119,-1.0576,5.8542
-3.3013,-1.0287,5.8544
-3.1901,-0.9991,5.8301
-3.0793,-0.9691,5.8111
-2.9699,-0.9372,5.8138
-2.8601,-0.9058,5.8085
-2.7504,-0.8750,5.8089
-2.6399,-0.8461,5.8325
-2.5288,-0.8167,5.8597
-2.4180,-0.7885,5.8756
-2.3070,-0.7592,5.8967
-2.1959,-0.7290,5.9176
-2.0848,-0.6987,5.9260
-1.9740,-0.6687,5.9242
-1.8635,-0.6384,5.9265
-1.7526,-0.6097,5.9250
-1.6415,-0.5793,5.9233
-1.5298,-0.5484,5.9188
-1.4183,-0.5183,5.9114
-1.3070,-0.4882,5.8988
-1.1956,-0.4575,5.8929
-1.0848,-0.4259,5.8866
-0.9752,-0.3963,5.8904
-0.8646,-0.3674,5.9060
-0.7531,-0.3377,5.9255
-0.6417,-0.3074,5.9416
-0.5304,-0.2782,5.9518
-0.4199,-0.2480,5.9536
-0.3089,-0.2176,5.9513
-0.1973,-0.1874,5.9446
-0.0860,-0.1568,5.9351
0.0254,-0.1264,5.9286
0.1366,-0.0978,5.9286
0.2477,-0.0680,5.9170
0.3588,-0.0386,5.9094
0.4700,-0.0085,5.9005
0.5810,0.0196,5.8947
0.6921,0.0489,5.8876
0.8034,0.0791,5.8895
0.9138,0.1099,5.8850
1.0246,0.1389,5.8813
1.1354,0.1688,5.8747
1.2461,0.1975,5.8654
1.3565,0.2281,5.8674
1.4670,0.2598,5.8794
1.5769,0.2896,5.8965
1.6868,0.3189,5.9176
1.7965,0.3494,5.9391
1.9070,0.3789,5.9471
2.0171,0.4094,5.9516
2.1279,0.4384,5.9524
2.2396,0.4680,5.9475
2.3509,0.4981,5.9421
2.4620,0.5275,5.9409
2.5728,0.5565,5.9309
2.6828,0.5868,5.9238
2.7931,0.6167,5.9213
2.9037,0.6473,5.9181
3.0146,0.6784,5.9130
3.1253,0.7075,5.9127
3.2362,0.7373,5.9103
3.3467,0.7661,5.8981
3.4564,0.7962,5.8789
3.5663,0.8259,5.8597
3.6775,0.8547,5.8478
3.7894,0.8829,5.8393
3.9004,0.9121,5.8419
4.0112,0.9426,5.8655
4.1216,0.9737,5.8875
4.2321,1.0029,5.9058
4.3429,1.0332,5.9208
4.4539,1.0638,5.9345
4.5646,1.0946,5.9335
4.6759,1.1245,5.9352
4.7876,1.1547,5.9406
4.8989,1.1837,5.9461
5.0097,1.2142,5.9521
5.1205,1.2435,5.9631
5.2318,1.2727,4.7762
5.3433,1.3021,3.5844
