x,y,yaw
0.0000,0.0000,0.0000
0.1047,0.0125,0.0676
0.2103,0.0315,0.1210
0.3137,0.0511,0.1554
0.4161,0.0706,0.1684
0.5267,0.0913,0.1785
0.6269,0.1102,0.1816
0.7302,0.1302,0.1882
0.8354,0.1520,0.1985
0.9420,0.1762,0.2144
1.0505,0.2002,0.2160
1.1599,0.2259,0.2257
1.2704,0.2508,0.2232
1.3818,0.2770,0.2278
1.4931,0.3040,0.2369
1.6040,0.3318,0.2400
1.7151,0.3594,0.2442
1.8263,0.3874,0.2438
1.9383,0.4148,0.2421
2.0503,0.4418,0.2369
2.1627,0.4684,0.2348
2.2757,0.4952,0.2336
2.3880,0.5229,0.2408
2.5001,0.5520,0.2490
2.6124,0.5806,0.2481
2.7242,0.6074,0.2373
2.8341,0.6346,0.2441
2.9439,0.6637,0.2541
3.0539,0.6937,0.2610
3.1646,0.7223,0.2554
3.2754,0.7524,0.2628
3.3857,0.7816,0.2591
3.4955,0.8113,0.2616
3.6058,0.8390,0.2504
3.7163,0.8676,0.2539
3.8273,0.8964,0.2544
3.9380,0.9270,0.2658
4.0486,0.9576,0.2683
4.1586,0.9879,0.2664
4.2691,1.0172,0.2639
4.3800,1.0480,0.2684
4.4916,1.0792,0.2718
4.6029,1.1097,0.2669
4.7146,1.1397,0.2649
4.8257,1.1691,0.2594
4.9364,1.1976,0.2565
5.0471,1.2268,0.2554
5.1583,1.2547,0.2504
5.2702,1.2835,0.2509
5.3823,1.3128,0.2560
5.4939,1.3430,0.2610
5.6045,1.3734,0.2660
5.7148,1.4032,0.2629
5.8253,1.4334,0.2675
5.9359,1.4641,0.2698
6.0466,1.4950,0.2702
6.1571,1.5240,0.2606
6.2679,1.5544,0.2661
6.3784,1.5832,0.2562
6.4892,1.6124,0.2587
6.6007,1.6405,0.2489
6.7110,1.6692,0.2555
6.8215,1.6987,0.2589
6.9322,1.7287,0.2626
7.0432,1.7576,0.2565
7.1547,1.7874,0.2605
7.2657,1.8164,0.2567
7.3767,1.8463,0.2610
7.4872,1.8769,0.2685
7.5970,1.9080,0.2714
7.7074,1.9387,0.2717
7.8175,1.9685,0.2644
7.9283,1.9969,0.2566
8.0395,2.0268,0.2611
8.1501,2.0568,0.2648
8.2610,2.0872,0.2643
8.3719,2.1170,0.2649
8.4829,2.1467,0.2610
8.5937,2.1760,0.2613
8.7044,2.2058,0.2603
8.8150,2.2345,0.2578
8.9258,2.2643,0.2609
9.0370,2.2947,0.2657
9.1483,2.3245,0.2609
9.2595,2.3547,0.2654
9.3705,2.3844,0.2616
9.4811,2.4146,0.2658
9.5918,2.4437,0.2575
9.7032,2.4716,0.2504
9.8153,2.5000,0.2499
9.9256,2.5297,0.2608
10.0360,2.5605,0.2665
10.1470,2.5910,0.2679
10.2580,2.6204,0.2602
10.3693,2.6504,0.2639
10.4808,2.6803,0.2607
10.5925,2.7104,0.2639
10.7044,2.7398,0.2580
10.8161,2.7696,0.2605
10.9268,2.7982,0.2546
11.0366,2.8282,0.2634
11.1472,2.8572,0.2578
11.2576,2.8869,0.2619
11.3680,2.9158,0.2563
11.4786,2.9454,0.2615
11.5889,2.9762,0.2699
11.6986,3.0074,0.2725
11.8093,3.0369,0.2648
11.9207,3.0670,0.2639
12.0324,3.0955,0.2546
12.1439,3.1254,0.2599
12.2555,3.1536,0.2510
12.3658,3.1833,0.2599
12.4763,3.2133,0.2637
12.5870,3.2432,0.2620
12.6976,3.2721,0.2594
12.8082,3.3019,0.2607
12.9192,3.3303,0.2541
13.0306,3.3594,0.2554
13.1414,3.3876,0.2509
13.2518,3.4171,0.2581
13.3627,3.4473,0.2635
13.4735,3.4779,0.2675
13.5845,3.5083,0.2674
13.6952,3.5389,0.2682
13.8065,3.5692,0.2675
13.9182,3.6000,0.2693
14.0288,3.6317,0.2760
14.1383,3.6614,0.2664
14.2489,3.6913,0.2658
14.3595,3.7215,0.2664
14.4696,3.7526,0.2724
14.5800,3.7820,0.2636
14.6902,3.8128,0.2706
14.8005,3.8442,0.2745
14.9110,3.8749,0.2720
15.0208,3.9067,0.2796
15.1299,3.9387,0.2839
15.2394,3.9708,0.2840
15.3483,4.0037,0.2916
15.4557,4.0377,0.3029
15.5632,4.0723,0.3087
15.6709,4.1078,0.3153
15.7771,4.1454,0.3329
15.8827,4.1839,0.3431
15.9886,4.2231,0.3502
16.0958,4.2625,0.3511
16.2026,4.3026,0.3581
16.3090,4.3439,0.3670
16.4149,4.3861,0.3762
16.5202,4.4296,0.3861
16.6252,4.4742,0.3975
16.7299,4.5201,0.4073
16.8352,4.5666,0.4129
16.9407,4.6132,0.4152
17.0452,4.6608,0.4238
17.1494,4.7090,0.4296
17.2536,4.7572,0.4315
17.3568,4.8060,0.4406
17.4580,4.8574,0.4613
17.5595,4.9100,0.4703
17.6618,4.9614,0.4658
17.7641,5.0101,0.4509
17.8670,5.0593,0.4482
17.9700,5.1090,0.4493
18.0728,5.1595,0.4557
18.1747,5.2113,0.4669
18.2763,5.2642,0.4755
18.3775,5.3163,0.4746
18.4789,5.3681,0.4729
18.5802,5.4206,0.4783
18.6817,5.4743,0.4832
18.7840,5.5277,0.4816
18.8868,5.5806,0.4781
18.9901,5.6337,0.4753
19.0926,5.6864,0.4767
19.1939,5.7407,0.4885
19.2949,5.7954,0.4945
19.3948,5.8509,0.5025
19.4950,5.9070,0.5079
19.5947,5.9635,0.5134
19.6948,6.0190,0.5070
19.7960,6.0740,0.5005
19.8966,6.1296,0.5056
19.9945,6.1869,0.5236
20.0931,6.2446,0.5246
20.1929,6.3015,0.5200
20.2932,6.3590,0.5200
20.3924,6.4160,0.5236
20.4895,6.4746,0.5372
20.5864,6.5343,0.5471
20.6834,6.5949,0.5545
20.7808,6.6551,0.5516
20.8790,6.7145,0.5468
20.9769,6.7748,0.5512
21.0740,6.8358,0.5592
21.1702,6.8980,0.5689
21.2663,6.9604,0.5730
21.3628,7.0224,0.5716
21.4590,7.0848,0.5749
21.5552,7.1488,0.5834
21.6516,7.2124,0.5826
21.7466,7.2766,0.5927
21.8419,7.3417,0.5952
21.9360,7.4062,0.6008
22.0276,7.4713,0.6126
22.1200,7.5370,0.6159
22.2131,7.6034,0.6182
22.3049,7.6700,0.6257
22.3935,7.7375,0.6440
22.4799,7.8064,0.6636
22.5658,7.8769,0.6791
22.6528,7.9480,0.6813
22.7390,8.0196,0.6919
22.8199,8.0920,0.7199
22.8962,8.1665,0.7545
22.9728,8.2429,0.7708
23.0497,8.3206,0.7830
23.1246,8.3995,0.8028
23.1961,8.4787,0.8248
23.2644,8.5586,0.8495
23.3302,8.6405,0.8771
23.3938,8.7233,0.9017
23.4526,8.8061,0.9330
23.5081,8.8905,0.9660
23.5685,8.9901,1.0063
23.6251,9.0913,1.0418
23.6737,9.1911,1.0906
23.7129,9.2889,1.1521
23.7450,9.3883,1.2117
23.7727,9.4907,1.2659
23.7931,9.5928,1.3283
23.8060,9.6938,1.3917
23.8156,9.7989,1.4383
23.8213,9.9067,1.4846
23.8234,10.0171,1.5244
23.8204,10.1269,1.5709
23.8112,10.2376,1.6188
23.7987,10.3514,1.6544
23.7851,10.4517,1.6838
23.7694,10.5538,1.7074
23.7523,10.6585,1.7202
23.7340,10.7652,1.7339
23.7142,10.8736,1.7444
23.6931,10.9832,1.7544
23.6725,11.0941,1.7535
23.6515,11.2057,1.7566
23.6292,11.3157,1.7678
23.6042,11.4251,1.7867
23.5772,11.5345,1.8033
23.5504,11.6452,1.8061
23.5238,11.7569,1.8036
23.4969,11.8684,1.8085
23.4698,11.9794,1.8089
23.4418,12.0901,1.8150
23.4142,12.2010,1.8155
23.3854,12.3113,1.8222
23.3557,12.4202,1.8342
23.3257,12.5292,1.8349
23.2960,12.6393,1.8350
23.2664,12.7502,1.8324
23.2350,12.8590,1.8485
23.2039,12.9680,1.8467
23.1733,13.0778,1.8432
23.1427,13.1883,1.8423
23.1118,13.2989,1.8426
23.0816,13.4101,1.8387
23.0508,13.5218,1.8393
23.0195,13.6331,1.8437
22.9892,13.7444,1.8371
22.9582,13.8553,1.8440
22.9267,13.9666,1.8445
22.8952,14.0782,1.8447
22.8652,14.1891,1.8382
22.8334,14.2997,1.8471
22.8017,14.4105,1.8499
22.7699,14.5217,1.8484
22.7377,14.6327,1.8533
22.7060,14.7431,1.8503
22.6735,14.8531,1.8559
22.6421,14.9637,1.8502
22.6099,15.0743,1.8530
22.5789,15.1846,1.8472
22.5465,15.2953,1.8528
22.5137,15.4066,1.8563
22.4818,15.5171,1.8514
22.4505,15.6278,1.8494
22.4184,15.7390,1.8500
22.3861,15.8507,1.8527
22.3533,15.9620,1.8570
22.3211,16.0725,1.8531
22.2896,16.1829,1.8514
22.2570,16.2932,1.8552
22.2244,16.4041,1.8565
22.1928,16.5148,1.8505
22.1597,16.6244,1.8609
22.1260,16.7342,1.8652
22.0930,16.8442,1.8619
22.0600,16.9547,1.8619
22.0272,17.0652,1.8583
21.9947,17.1759,1.8582
21.9622,17.2860,1.8583
21.9284,17.3956,1.8665
21.8941,17.5053,1.8720
21.8605,17.6151,1.8679
21.8269,17.7259,1.8658
21.7942,17.8367,1.8593
21.7611,17.9478,1.8614
21.7272,18.0576,1.8691
21.6927,18.1671,1.8727
21.6578,18.2773,1.8759
21.6241,18.3879,1.8683
21.5909,18.4984,1.8636
21.5584,18.6093,1.8587
21.5248,18.7196,1.8645
21.4923,18.8304,1.8591
21.4587,18.9404,1.8648
21.4270,19.0502,1.8556
21.3947,19.1605,1.8551
21.3625,19.2716,1.8544
21.3306,19.3826,1.8513
21.3005,19.4931,1.8414
21.2688,19.6034,1.8484
21.2361,19.7138,1.8555
21.2049,19.8240,1.8478
21.1738,19.9344,1.8477
21.1425,20.0448,1.8454
21.1118,20.1554,1.8441
21.0799,20.2664,1.8492
21.0471,20.3770,1.8553
21.0151,20.4886,1.8507
20.9834,20.6006,1.8485
20.9516,20.7109,1.8521
20.9187,20.8205,1.8595
20.8847,20.9296,1.8678
20.8504,21.0392,1.8721
20.8163,21.1491,1.8726
20.7813,21.2586,1.8771
20.7461,21.3678,1.8811
20.7106,21.4761,1.8861
20.6739,21.5837,1.8964
20.6355,21.6897,1.9121
20.5960,21.7953,1.9232
20.5561,21.9002,1.9308
20.5145,22.0040,1.9457
20.4711,22.1060,1.9645
20.4260,22.2069,1.9828
20.3789,22.3075,1.9996
20.3310,22.4080,2.0086
20.2820,22.5076,2.0231
20.2314,22.6070,2.0349
20.1808,22.7038,2.0481
20.1268,22.7967,2.0813
20.0712,22.8903,2.0963
20.0135,22.9825,2.1181
19.9541,23.0738,2.1372
19.8934,23.1639,2.1529
19.8311,23.2528,2.1733
19.7672,23.3397,2.1933
19.7009,23.4258,2.2153
19.6324,23.5106,2.2372
19.5626,23.5956,2.2503
19.4911,23.6794,2.2687
19.4175,23.7626,2.2848
19.3435,23.8443,2.3000
19.2683,23.9250,2.3127
19.1939,24.0035,2.3244
19.1184,24.0793,2.3452
19.0416,24.1523,2.3676
18.9646,24.2226,2.3906
18.8861,24.2871,2.4298
18.8054,24.3517,2.4486
18.7227,24.4172,2.4617
18.6389,24.4817,2.4777
18.5529,24.5447,2.4986
18.4651,24.6053,2.5236
18.3761,24.6637,2.5465
18.2855,24.7201,2.5703
18.1938,24.7756,2.5872
18.1007,24.8285,2.6099
18.0079,24.8791,2.6318
17.9127,24.9278,2.6556
17.8153,24.9750,2.6754
17.7167,25.0220,2.6891
17.6175,25.0666,2.7103
17.5172,25.1084,2.7330
17.4165,25.1482,2.7548
17.3142,25.1852,2.7792
17.2102,25.2224,2.7907
17.1049,25.2595,2.7979
16.9989,25.2964,2.8046
16.8944,25.3302,2.8229
16.7924,25.3595,2.8494
16.6882,25.3869,2.8689
16.5826,25.4152,2.8765
16.4774,25.4404,2.8973
16.3714,25.4626,2.9223
16.2663,25.4821,2.9463
16.1607,25.4974,2.9787
16.0530,25.5128,2.9889
15.9441,25.5284,2.9961
15.8352,25.5410,3.0168
15.7247,25.5530,3.0268
15.6129,25.5638,3.0389
15.5002,25.5736,3.0493
15.3871,25.5820,3.0630
15.2733,25.5887,3.0760
15.1590,25.5944,3.0867
15.0446,25.5996,3.0928
14.9296,25.6043,3.0982
14.8143,25.6087,3.1013
14.6990,25.6127,3.1055
14.5841,25.6154,3.1140
14.4695,25.6195,3.1075
14.3582,25.6210,3.1248
14.2478,25.6192,-3.1360
14.1360,25.6167,-3.1267
14.0231,25.6151,-3.1299
13.9093,25.6140,-3.1298
13.7946,25.6121,-3.1273
13.6791,25.6104,-3.1263
13.5640,25.6091,-3.1313
13.4486,25.6093,-3.1389
13.3328,25.6086,-3.1354
13.2169,25.6073,-3.1327
13.1011,25.6075,-3.1403
12.9849,25.6068,-3.1363
12.8688,25.6054,-3.1309
12.7538,25.6043,-3.1333
12.6386,25.6045,-3.1409
12.5237,25.6050,3.1405
12.4117,25.6031,-3.1286
12.3009,25.5991,-3.1132
12.1887,25.5946,-3.1063
12.0754,25.5897,-3.1007
11.9616,25.5840,-3.0965
11.8473,25.5800,-3.1046
11.7318,25.5766,-3.1088
11.6162,25.5727,-3.1089
11.5010,25.5702,-3.1172
11.3858,25.5682,-3.1215
11.2704,25.5655,-3.1189
11.1549,25.5639,-3.1250
11.0391,25.5616,-3.1225
10.9235,25.5609,-3.1326
10.8075,25.5601,-3.1330
10.6915,25.5587,-3.1298
10.5757,25.5567,-3.1262
10.4602,25.5559,-3.1323
10.3446,25.5543,-3.1280
10.2292,25.5532,-3.1328
10.1134,25.5527,-3.1349
9.9974,25.5512,-3.1298
9.8816,25.5506,-3.1357
9.7660,25.5509,-3.1402
9.6519,25.5497,-3.1324
9.5417,25.5456,-3.1103
9.4312,25.5385,-3.0906
9.3194,25.5331,-3.0951
9.2064,25.5287,-3.1006
9.0930,25.5254,-3.1093
8.9790,25.5229,-3.1153
8.8640,25.5196,-3.1125
8.7487,25.5155,-3.1087
8.6334,25.5126,-3.1155
8.5178,25.5107,-3.1220
8.4021,25.5082,-3.1197
8.2863,25.5060,-3.1225
8.1708,25.5050,-3.1295
8.0552,25.5028,-3.1228
7.9394,25.5001,-3.1207
7.8234,25.4984,-3.1260
7.7078,25.4979,-3.1329
7.5922,25.4959,-3.1269
7.4763,25.4948,-3.1313
7.3601,25.4943,-3.1352
7.2436,25.4929,-3.1307
7.1284,25.4922,-3.1346
7.0165,25.4888,-3.1164
6.9042,25.4833,-3.1013
6.7908,25.4775,-3.0950
6.6768,25.4713,-3.0911
6.5626,25.4675,-3.1050
6.4482,25.4659,-3.1207
6.3329,25.4643,-3.1235
6.2170,25.4615,-3.1185
6.1011,25.4580,-3.1131
5.9858,25.4557,-3.1214
5.8703,25.4545,-3.1267
5.7546,25.4516,-3.1187
5.6392,25.4488,-3.1203
5.5239,25.4478,-3.1282
5.4085,25.4457,-3.1236
5.2935,25.4427,-3.1195
5.1782,25.4409,-3.1244
5.0630,25.4402,-3.1330
4.9472,25.4392,-3.1311
4.8317,25.4375,-3.1284
4.7192,25.4336,-3.1119
4.6067,25.4278,-3.0962
4.4934,25.4213,-3.0901
4.3794,25.4163,-3.0970
4.2650,25.4133,-3.1098
4.1500,25.4096,-3.1080
4.0343,25.4055,-3.1061
3.9186,25.4017,-3.1091
3.8031,25.3994,-3.1179
3.6875,25.3976,-3.1219
3.5717,25.3942,-3.1153
3.4562,25.3922,-3.1231
3.3405,25.3911,-3.1276
3.2244,25.3888,-3.1227
3.1087,25.3863,-3.1220
2.9933,25.3861,-3.1359
2.8778,25.3856,-3.1349
2.7620,25.3834,-3.1265
2.6465,25.3815,-3.1275
2.5310,25.3811,-3.1346
2.4167,25.3797,-3.1290
2.3052,25.3747,-3.1053
2.1929,25.3681,-3.0923
2.0798,25.3626,-3.0953
1.9659,25.3583,-3.1010
1.8515,25.3549,-3.1090
1.7368,25.3505,-3.1035
1.6215,25.3457,-3.1009
1.5069,25.3422,-3.1095
1.3920,25.3400,-3.1186
1.2768,25.3389,-3.1268
1.1609,25.3366,-3.1223
1.0449,25.3336,-3.1172
0.9290,25.3312,-3.1208
0.8133,25.3305,-3.1322
0.6973,25.3292,-3.1295
0.5812,25.3270,-3.1242
0.4659,25.3250,-3.1262
0.3509,25.3254,-3.1394
0.2355,25.3249,-3.1367
0.1198,25.3234,-3.1299
0.0066,25.3203,-3.1179
-0.1052,25.3155,-3.1053
-0.2176,25.3099,-3.0963
-0.3309,25.3037,-3.0915
-0.4448,25.2990,-3.0991
-0.5594,25.2957,-3.1084
-0.6746,25.2934,-3.1174
-0.7901,25.2905,-3.1143
-0.9049,25.2859,-3.1054
-1.0196,25.2827,-3.1121
-1.1345,25.2802,-3.1176
-1.2496,25.2783,-3.1228
-1.3647,25.2752,-3.1161
-1.4800,25.2726,-3.1196
-1.5954,25.2711,-3.1264
-1.7110,25.2703,-3.1312
-1.8269,25.2685,-3.1264
-1.9424,25.2667,-3.1285
-2.0580,25.2661,-3.1330
-2.1738,25.2645,-3.1285
-2.2898,25.2635,-3.1322
-2.4042,25.2623,-3.1296
-2.5155,25.2577,-3.1085
-2.6275,25.2514,-3.0938
-2.7406,25.2445,-3.0869
-2.8542,25.2399,-3.0990
-2.9683,25.2371,-3.1102
-3.0828,25.2334,-3.1096
-3.1983,25.2302,-3.1118
-3.3139,25.2264,-3.1097
-3.4290,25.2243,-3.1208
-3.5445,25.2223,-3.1212
-3.6603,25.2191,-3.1163
-3.7760,25.2171,-3.1229
-3.8915,25.2162,-3.1296
-4.0069,25.2140,-3.1235
-4.1222,25.2110,-3.1188
-4.2373,25.2090,-3.1236
-4.3526,25.2078,-3.1289
-4.4680,25.2072,-3.1341
-4.5838,25.2059,-3.1304
-4.6995,25.2045,-3.1309
-4.8153,25.2043,-3.1369
-4.9314,25.2032,-3.1323
-5.0475,25.2021,-3.1343
-5.1632,25.2027,3.1409
-5.2788,25.2022,-3.1377
-5.3947,25.2009,-3.1324
-5.5102,25.2002,-3.1372
-5.6259,25.2008,3.1407
-5.7417,25.2002,-3.1377
-5.8575,25.1989,-3.1326
-5.9731,25.1987,-3.1392
-6.0887,25.1997,3.1373
-6.2048,25.1996,-3.1413
-6.3207,25.1983,-3.1330
-6.4363,25.1974,-3.1357
-6.5518,25.1977,-3.1413
-6.6649,25.1966,-3.1325
-6.7747,25.1919,-3.1085
-6.8859,25.1858,-3.0960
-6.9982,25.1815,-3.1025
-7.1112,25.1790,-3.1155
-7.2251,25.1768,-3.1179
-7.3396,25.1736,-3.1152
-7.4552,25.1704,-3.1142
-7.5712,25.1665,-3.1095
-7.6870,25.1636,-3.1161
-7.8026,25.1622,-3.1252
-7.9182,25.1595,-3.1189
-8.0336,25.1567,-3.1188
-8.1485,25.1554,-3.1274
-8.2599,25.1555,-3.1401
-8.3712,25.1585,3.1251
-8.4835,25.1621,3.1155
-8.5973,25.1654,3.1154
-8.7118,25.1693,3.1089
-8.8268,25.1728,3.1119
-8.9421,25.1753,3.1172
-9.0578,25.1773,3.1226
-9.1737,25.1786,3.1281
-9.2898,25.1787,3.1366
-9.4064,25.1794,3.1356
-9.5225,25.1813,3.1280
-9.6383,25.1826,3.1312
-9.7539,25.1829,3.1368
-9.8691,25.1844,3.1288
-9.9846,25.1876,3.1197
-10.1003,25.1901,3.1211
-10.2161,25.1917,3.1263
-10.3321,25.1920,3.1351
-10.4483,25.1918,3.1408
-10.5641,25.1923,3.1358
-10.6798,25.1936,3.1338
-10.7957,25.1937,3.1389
-10.9118,25.1931,-3.1388
-11.0269,25.1932,3.1395
-11.1422,25.1937,3.1403
-11.2578,25.1929,-3.1373
-11.3730,25.1936,3.1373
-11.4882,25.1946,3.1356
-11.6036,25.1936,-3.1362
-11.7187,25.1932,-3.1402
-11.8338,25.1953,3.1291
-11.9492,25.1965,3.1318
-12.0648,25.1963,3.1405
-12.1807,25.1955,-3.1371
-12.2966,25.1950,-3.1391
-12.4125,25.1956,3.1396
-12.5281,25.1951,-3.1389
-12.6435,25.1949,-3.1409
-12.7589,25.1962,3.1344
-12.8745,25.1963,3.1404
-12.9904,25.1952,-3.1357
-13.1058,25.1953,3.1410
-13.2210,25.1967,3.1343
-13.3365,25.1969,3.1389
-13.4525,25.1968,3.1410
-13.5690,25.1961,-3.1371
-13.6852,25.1955,-3.1376
-13.8006,25.1967,3.1343
-13.9144,25.1962,-3.1377
-14.0251,25.1920,-3.1133
-14.1367,25.1869,-3.1036
-14.2494,25.1813,-3.0956
-14.3627,25.1764,-3.0986
-14.4766,25.1728,-3.1071
-14.5916,25.1704,-3.1160
-14.7075,25.1681,-3.1189
-14.8237,25.1650,-3.1166
-14.9400,25.1623,-3.1183
-15.0559,25.1605,-3.1250
-15.1715,25.1591,-3.1266
-15.2853,25.1561,-3.1165
-15.3961,25.1499,-3.0947
-15.5081,25.1429,-3.0861
-15.6208,25.1369,-3.0908
-15.7342,25.1335,-3.1062
-15.8482,25.1303,-3.1086
-15.9630,25.1261,-3.1063
-16.0785,25.1220,-3.1052
-16.1935,25.1168,-3.1007
-16.3084,25.1133,-3.1088
-16.4234,25.1108,-3.1160
-16.5357,25.1062,-3.1021
-16.6473,25.0988,-3.0830
-16.7600,25.0907,-3.0778
-16.8735,25.0855,-3.0920
-16.9879,25.0816,-3.1009
-17.1029,25.0767,-3.0989
-17.2185,25.0719,-3.1003
-17.3343,25.0666,-3.0968
-17.4495,25.0619,-3.1005
-17.5641,25.0572,-3.0983
-17.6765,25.0496,-3.0800
-17.7894,25.0399,-3.0653
-17.9031,25.0320,-3.0726
-18.0171,25.0254,-3.0809
-18.1314,25.0201,-3.0906
-18.2461,25.0160,-3.1017
-18.3617,25.0121,-3.1043
-18.4773,25.0072,-3.1010
-18.5926,25.0037,-3.1086
-18.7055,24.9989,-3.0987
-18.8165,24.9906,-3.0764
-18.9284,24.9811,-3.0660
-19.0411,24.9739,-3.0755
-19.1545,24.9679,-3.0851
-19.2683,24.9633,-3.0967
-19.3830,24.9600,-3.1068
-19.4948,24.9546,-3.0938
-19.6046,24.9455,-3.0698
-19.7158,24.9355,-3.0604
-19.8283,24.9268,-3.0645
-19.9417,24.9193,-3.0729
-20.0548,24.9123,-3.0767
-20.1654,24.9023,-3.0576
-20.2772,24.8914,-3.0500
-20.3900,24.8809,-3.0513
-20.5036,24.8716,-3.0574
-20.6168,24.8616,-3.0526
-20.7308,24.8505,-3.0477
-20.8457,24.8395,-3.0472
-20.9600,24.8298,-3.0559
-21.0734,24.8199,-3.0521
-21.1862,24.8072,-3.0363
-21.2996,24.7938,-3.0288
-21.4120,24.7811,-3.0272
-21.5240,24.7652,-3.0097
-21.6368,24.7499,-3.0103
-21.7503,24.7347,-3.0083
-21.8640,24.7182,-3.0015
-21.9778,24.7022,-3.0010
-22.0916,24.6847,-2.9928
-22.2059,24.6672,-2.9917
-22.3196,24.6494,-2.9865
-22.4336,24.6307,-2.9819
-22.5475,24.6129,-2.9849
-22.6604,24.5940,-2.9783
-22.7730,24.5749,-2.9742
-22.8846,24.5541,-2.9626
-22.9965,24.5325,-2.9540
-23.1082,24.5091,-2.9412
-23.2196,24.4851,-2.9329
-23.3316,24.4607,-2.9308
-23.4419,24.4360,-2.9225
-23.5521,24.4106,-2.9184
-23.6618,24.3839,-2.9075
-23.7715,24.3562,-2.8986
-23.8810,24.3286,-2.8958
-23.9896,24.2990,-2.8827
-24.0977,24.2689,-2.8732
-24.2066,24.2381,-2.8691
-24.3149,24.2060,-2.8570
-24.4223,24.1721,-2.8438
-24.5309,24.1384,-2.8427
-24.6391,24.1038,-2.8346
-24.7461,24.0680,-2.8231
-24.8531,24.0304,-2.8103
-24.9606,23.9927,-2.8073
-25.0680,23.9541,-2.7994
-25.1746,23.9143,-2.7881
-25.2792,23.8737,-2.7756
-25.3830,23.8314,-2.7622
-25.4871,23.7877,-2.7502
-25.5923,23.7431,-2.7443
-25.6971,23.6976,-2.7354
-25.8002,23.6511,-2.7230
-25.9028,23.6032,-2.7109
-26.0041,23.5550,-2.7009
-26.1036,23.5044,-2.6807
-26.2046,23.4538,-2.6811
-26.3053,23.4027,-2.6729
-26.4052,23.3505,-2.6636
-26.5032,23.2966,-2.6457
-26.6011,23.2411,-2.6323
-26.6992,23.1842,-2.6223
-26.7965,23.1266,-2.6109
-26.8934,23.0672,-2.5993
-26.9901,23.0079,-2.5930
-27.0872,22.9479,-2.5899
-27.1840,22.8876,-2.5856
-27.2798,22.8265,-2.5776
-27.3759,22.7654,-2.5764
-27.4696,22.7035,-2.5612
-27.5614,22.6398,-2.5439
-27.6546,22.5758,-2.5430
-27.7476,22.5119,-2.5395
-27.8408,22.4469,-2.5343
-27.9346,22.3815,-2.5339
-28.0277,22.3147,-2.5231
-28.1206,22.2473,-2.5172
-28.2129,22.1788,-2.5062
-28.3054,22.1100,-2.5061
-28.3984,22.0420,-2.5079
-28.4911,21.9737,-2.5063
-28.5825,21.9049,-2.4995
-28.6748,21.8363,-2.5019
-28.7660,21.7681,-2.5002
-28.8548,21.6989,-2.4838
-28.9425,21.6277,-2.4676
-29.0309,21.5563,-2.4654
-29.1205,21.4850,-2.4684
-29.2103,21.4125,-2.4640
-29.3002,21.3395,-2.4596
-29.3893,21.2657,-2.4529
-29.4766,21.1917,-2.4419
-29.5624,21.1173,-2.4318
-29.6426,21.0430,-2.4038
-29.7210,20.9666,-2.3816
-29.7998,20.8884,-2.3686
-29.8799,20.8095,-2.3687
-29.9605,20.7310,-2.3676
-30.0388,20.6511,-2.3512
-30.1151,20.5693,-2.3311
-30.1914,20.4862,-2.3200
-30.2675,20.4021,-2.3108
-30.3419,20.3168,-2.2958
-30.4162,20.2306,-2.2866
-30.4902,20.1432,-2.2776
-30.5638,20.0556,-2.2715
-30.6356,19.9673,-2.2598
-30.7083,19.8790,-2.2601
-30.7809,19.7903,-2.2566
-30.8522,19.7007,-2.2468
-30.9215,19.6103,-2.2314
-30.9917,19.5199,-2.2333
-31.0624,19.4301,-2.2349
-31.1325,19.3396,-2.2317
-31.2018,19.2489,-2.2246
-31.2708,19.1578,-2.2225
-31.3407,19.0671,-2.2259
-31.4100,18.9760,-2.2215
-31.4796,18.8843,-2.2213
-31.5500,18.7943,-2.2315
-31.6211,18.7045,-2.2366
-31.6922,18.6133,-2.2338
-31.7641,18.5222,-2.2382
-31.8368,18.4321,-2.2471
-31.9101,18.3432,-2.2561
-31.9829,18.2553,-2.2612
-32.0563,18.1719,-2.2842
-32.1319,18.0898,-2.3035
-32.2088,18.0070,-2.3127
-32.2864,17.9238,-2.3186
-32.3644,17.8429,-2.3329
-32.4435,17.7627,-2.3431
-32.5223,17.6853,-2.3594
-32.6025,17.6112,-2.3829
-32.6836,17.5393,-2.4043
-32.7662,17.4670,-2.4159
-32.8500,17.3967,-2.4344
-32.9354,17.3283,-2.4550
-33.0219,17.2613,-2.4732
-33.1091,17.1950,-2.4840
-33.1970,17.1313,-2.5058
-33.2863,17.0699,-2.5281
-33.3775,17.0096,-2.5457
-33.4699,16.9497,-2.5598
-33.5641,16.8909,-2.5745
-33.6581,16.8336,-2.5889
-33.7533,16.7781,-2.6050
-33.8480,16.7264,-2.6311
-33.9443,16.6773,-2.6550
-34.0420,16.6269,-2.6597
-34.1411,16.5775,-2.6733
-34.2411,16.5286,-2.6828
-34.3398,16.4841,-2.7085
-34.4397,16.4428,-2.7332
-34.5415,16.4002,-2.7390
-34.6438,16.3576,-2.7451
-34.7463,16.3179,-2.7633
-34.8504,16.2794,-2.7791
-34.9548,16.2427,-2.7964
-35.0592,16.2090,-2.8185
-35.1641,16.1773,-2.8377
-35.2695,16.1480,-2.8581
-35.3762,16.1186,-2.8675
-35.4843,16.0889,-2.8707
-35.5933,16.0602,-2.8814
-35.7015,16.0334,-2.8941
-35.8046,16.0121,-2.9259
-35.9077,15.9955,-2.9603
-36.0130,15.9799,-2.9793
-36.1203,15.9648,-2.9924
-36.2291,15.9509,-3.0067
-36.3395,15.9378,-3.0165
-36.4489,15.9262,-3.0322
-36.5576,15.9187,-3.0590
-36.6674,15.9124,-3.0734
-36.7772,15.9083,-3.0955
-36.8873,15.9064,-3.1138
-36.9957,15.9071,-3.1369
-37.1042,15.9106,3.1223
-37.2134,15.9153,3.1076
-37.3221,15.9224,3.0873
-37.4308,15.9314,3.0689
-37.5394,15.9427,3.0482
-37.6467,15.9568,3.0240
-37.7537,15.9732,3.0020
-37.8610,15.9912,2.9854
-37.9685,16.0108,2.9697
-38.0751,16.0332,2.9458
-38.1813,16.0575,2.9266
-38.2880,16.0838,2.9101
-38.3927,16.1123,2.8859
-38.4966,16.1436,2.8626
-38.6009,16.1760,2.8495
-38.7042,16.2104,2.8292
-38.8070,16.2469,2.8098
-38.9080,16.2861,2.7846
-39.0081,16.3279,2.7594
-39.1089,16.3712,2.7467
-39.2100,16.4152,2.7363
-39.3084,16.4608,2.7157
-39.4033,16.5090,2.6862
-39.4972,16.5595,2.6640
-39.5909,16.6116,2.6454
-39.6844,16.6657,2.6286
-39.7781,16.7211,2.6148
-39.8698,16.7792,2.5882
-39.9609,16.8395,2.5684
-40.0516,16.9015,2.5515
-40.1419,16.9658,2.5329
-40.2333,17.0312,2.5270
-40.3218,17.0956,2.5154
-40.4073,17.1626,2.4898
-40.4920,17.2321,2.4677
-40.5759,17.3029,2.4493
-40.6583,17.3753,2.4304
-40.7405,17.4495,2.4166
-40.8226,17.5242,2.4076
-40.9029,17.6002,2.3905
-40.9817,17.6771,2.3764
-41.0585,17.7554,2.3558
-41.1341,17.8358,2.3375
-41.2092,17.9170,2.3237
-41.2817,17.9991,2.3027
-41.3537,18.0829,2.2900
-41.4263,18.1670,2.2861
-41.4965,18.2516,2.2694
-41.5650,18.3375,2.2525
-41.6312,18.4247,2.2323
-41.6981,18.5134,2.2229
-41.7649,18.6034,2.2126
-41.8307,18.6951,2.1999
-41.8958,18.7881,2.1875
-41.9601,18.8821,2.1765
-42.0233,18.9770,2.1631
-42.0860,19.0729,2.1551
-42.1496,19.1689,2.1562
-42.2132,19.2645,2.1563
-42.2743,19.3602,2.1426
-42.3342,19.4569,2.1325
-42.3938,19.5538,2.1251
-42.4534,19.6520,2.1194
-42.5138,19.7507,2.1204
-42.5746,19.8492,2.1228
-42.6339,19.9476,2.1142
-42.6927,20.0470,2.1088
-42.7526,20.1463,2.1131
-42.8131,20.2458,2.1156
-42.8721,20.3447,2.1093
-42.9307,20.4440,2.1046
-42.9894,20.5440,2.1031
-43.0484,20.6440,2.1033
-43.1072,20.7440,2.1030
-43.1658,20.8436,2.1009
-43.2245,20.9437,2.1024
-43.2828,21.0434,2.0999
-43.3414,21.1431,2.1023
-43.4002,21.2431,2.1008
-43.4589,21.3435,2.1008
-43.5177,21.4437,2.1014
-43.5769,21.5432,2.1049
-43.6356,21.6423,2.1051
-43.6955,21.7406,2.1152
-43.7554,21.8391,2.1156
-43.8149,21.9377,2.1140
-43.8743,22.0359,2.1151
-43.9334,22.1341,2.1122
-43.9915,22.2331,2.1053
-44.0498,22.3327,2.1018
-44.1076,22.4325,2.0980
-44.1657,22.5319,2.0995
-44.2240,22.6313,2.0997
-44.2820,22.7307,2.0998
-44.3408,22.8296,2.1046
-44.3989,22.9291,2.1001
-44.4564,23.0291,2.0947
-44.5142,23.1289,2.0958
-44.5723,23.2285,2.0976
-44.6310,23.3283,2.1008
-44.6895,23.4278,2.1036
-44.7489,23.5260,2.1102
-44.8072,23.6245,2.1057
-44.8646,23.7231,2.1006
-44.9217,23.8226,2.0937
-44.9783,23.9232,2.0856
-45.0355,24.0236,2.0902
-45.0943,24.1229,2.1004
-45.1498,24.2220,2.0844
-45.2047,24.3222,2.0781
-45.2606,24.4222,2.0819
-45.3181,24.5216,2.0913
-45.3763,24.6214,2.0956
-45.4340,24.7204,2.0973
-45.4896,24.8193,2.0856
-45.5434,24.9193,2.0723
-45.5972,25.0195,2.0667
-45.6522,25.1201,2.0707
-45.7077,25.2208,2.0731
-45.7638,25.3215,2.0781
-45.8208,25.4220,2.0823
-45.8758,25.5230,2.0717
-45.9303,25.6243,2.0659
-45.9847,25.7255,2.0655
-46.0385,25.8270,2.0608
-46.0925,25.9289,2.0603
-46.1480,26.0291,2.0738
-46.2047,26.1296,2.0799
-46.2609,26.2305,2.0783
-46.3161,26.3316,2.0733
-46.3705,26.4330,2.0668
-46.4247,26.5349,2.0614
-46.4791,26.6362,2.0649
-46.5345,26.7367,2.0699
-46.5892,26.8382,2.0665
-46.6442,26.9394,2.0681
-46.6993,27.0406,2.0684
-46.7542,27.1417,2.0681
-46.8094,27.2428,2.0699
-46.8651,27.3443,2.0717
-46.9213,27.4458,2.0749
-46.9770,27.5475,2.0715
-47.0324,27.6493,2.0703
-47.0892,27.7499,2.0813
-47.1460,27.8503,2.0828
-47.2022,27.9512,2.0788
-47.2572,28.0516,2.0732
-47.3105,28.1521,2.0634
-47.3613,28.2526,2.0460
-47.4131,28.3532,2.0479
-47.4646,28.4547,2.0432
-47.5160,28.5570,2.0397
-47.5679,28.6589,2.0403
-47.6179,28.7601,2.0311
-47.6659,28.8623,2.0170
-47.7119,28.9645,1.9998
-47.7561,29.0675,1.9863
-47.8011,29.1707,1.9828
-47.8440,29.2746,1.9681
-47.8862,29.3792,1.9584
-47.9251,29.4829,1.9381
-47.9621,29.5882,1.9198
-48.0001,29.6946,1.9180
-48.0367,29.7997,1.9077
-48.0691,29.9039,1.8828
-48.0993,30.0090,1.8619
-48.1291,30.1159,1.8513
-48.1599,30.2244,1.8491
-48.1890,30.3332,1.8353
-48.2159,30.4429,1.8193
-48.2410,30.5522,1.8020
-48.2636,30.6618,1.7838
-48.2847,30.7716,1.7686
-48.3036,30.8813,1.7498
-48.3219,30.9920,1.7413
-48.3387,31.1012,1.7277
-48.3515,31.2082,1.7029
-48.3621,31.3166,1.6809
-48.3709,31.4258,1.6619
-48.3788,31.5367,1.6503
-48.3867,31.6484,1.6447
-48.3921,31.7581,1.6260
-48.3938,31.8669,1.5989
-48.3923,31.9747,1.5718
-48.3895,32.0837,1.5564
-48.3866,32.1944,1.5502
-48.3824,32.3057,1.5370
-48.3750,32.4167,1.5152
-48.3665,32.5279,1.5018
-48.3558,32.6367,1.4808
-48.3425,32.7452,1.4610
-48.3281,32.8547,1.4481
-48.3113,32.9619,1.4246
-48.2921,33.0688,1.4058
-48.2712,33.1757,1.3867
-48.2482,33.2821,1.3677
-48.2230,33.3881,1.3478
-48.1953,33.4935,1.3260
-48.1665,33.5997,1.3132
-48.1359,33.7046,1.2952
-48.1029,33.8080,1.2730
-48.0666,33.9090,1.2418
-48.0273,34.0095,1.2152
-47.9867,34.1111,1.2006
-47.9456,34.2130,1.1927
-47.9021,34.3124,1.1677
-47.8549,34.4093,1.1348
-47.8062,34.5066,1.1180
-47.7556,34.6046,1.1031
-47.7043,34.7040,1.0992
-47.6518,34.8025,1.0848
-47.5982,34.8959,1.0597
-47.5417,34.9868,1.0309
-47.4828,35.0760,1.0027
-47.4216,35.1644,0.9802
-47.3591,35.2541,0.9696
-47.2949,35.3414,0.9466
-47.2285,35.4272,0.9240
-47.1601,35.5128,0.9071
-47.0906,35.5988,0.8973
-47.0198,35.6824,0.8767
-46.9473,35.7638,0.8545
-46.8731,35.8440,0.8364
-46.7981,35.9230,0.8193
-46.7213,35.9991,0.7946
-46.6434,36.0748,0.7791
-46.5642,36.1480,0.7573
-46.4832,36.2198,0.7379
-46.4011,36.2894,0.7141
-46.3166,36.3581,0.6953
-46.2308,36.4266,0.6816
-46.1438,36.4933,0.6630
-46.0551,36.5596,0.6500
-45.9651,36.6252,0.6364
-45.8755,36.6890,0.6237
-45.7855,36.7499,0.6031
-45.6943,36.8062,0.5707
-45.6009,36.8629,0.5573
-45.5073,36.9188,0.5432
-45.4123,36.9721,0.5236
-45.3165,37.0247,0.5095
-45.2204,37.0734,0.4825
-45.1227,37.1218,0.4688
-45.0238,37.1696,0.4562
-44.9253,37.2137,0.4321
-44.8268,37.2543,0.4054
-44.7268,37.2925,0.3811
-44.6245,37.3310,0.3695
-44.5207,37.3690,0.3564
-44.4161,37.4047,0.3377
-44.3120,37.4382,0.3192
-44.2075,37.4688,0.2971
-44.1019,37.4976,0.2775
-43.9959,37.5247,0.2595
-43.8887,37.5498,0.2399
-43.7805,37.5738,0.2267
-43.6718,37.5963,0.2116
-43.5632,37.6168,0.1936
-43.4541,37.6353,0.1769
-43.3466,37.6511,0.1555
-43.2392,37.6637,0.1305
-43.1307,37.6745,0.1106
-43.0211,37.6839,0.0947
-42.9106,37.6919,0.0806
-42.7987,37.6996,0.0729
-42.6868,37.7065,0.0656
-42.5773,37.7110,0.0473
-42.4677,37.7126,0.0251
-42.3570,37.7129,0.0124
-42.2448,37.7132,0.0067
-42.1340,37.7113,-0.0118
-42.0228,37.7074,-0.0260
-41.9105,37.7031,-0.0335
-41.7981,37.6982,-0.0405
-41.6863,37.6914,-0.0553
-41.5734,37.6835,-0.0635
-41.4619,37.6747,-0.0761
-41.3515,37.6625,-0.0988
-41.2396,37.6497,-0.1072
-41.1267,37.6379,-0.1040
-41.0146,37.6246,-0.1155
-40.9019,37.6095,-0.1266
-40.7884,37.5951,-0.1260
-40.6752,37.5793,-0.1356
-40.5615,37.5625,-0.1429
-40.4475,37.5456,-0.1467
-40.3337,37.5271,-0.1569
-40.2198,37.5091,-0.1543
-40.1052,37.4920,-0.1511
-39.9900,37.4737,-0.1559
-39.8754,37.4553,-0.1581
-39.7614,37.4363,-0.1632
-39.6472,37.4169,-0.1665
-39.5340,37.3979,-0.1665
-39.4208,37.3771,-0.1782
-39.3075,37.3556,-0.1825
-39.1935,37.3353,-0.1789
-39.0791,37.3140,-0.1823
-38.9656,37.2936,-0.1793
-38.8517,37.2727,-0.1809
-38.7383,37.2518,-0.1811
-38.6261,37.2315,-0.1804
-38.5130,37.2101,-0.1854
-38.4000,37.1894,-0.1806
-38.2867,37.1688,-0.1804
-38.1733,37.1479,-0.1821
-38.0610,37.1265,-0.1878
-37.9485,37.1044,-0.1914
-37.8358,37.0813,-0.1994
-37.7224,37.0579,-0.2008
-37.6089,37.0353,-0.1966
-37.4966,37.0124,-0.2014
-37.3845,36.9882,-0.2084
-37.2720,36.9658,-0.1987
-37.1586,36.9436,-0.1965
-37.0454,36.9205,-0.2000
-36.9320,36.8976,-0.2000
-36.8184,36.8739,-0.2036
-36.7049,36.8514,-0.1967
-36.5915,36.8288,-0.1979
-36.4781,36.8058,-0.1987
-36.3650,36.7843,-0.1904
-36.2513,36.7628,-0.1894
-36.1390,36.7403,-0.1949
-36.0274,36.7166,-0.2044
-35.9150,36.6935,-0.2016
-35.8029,36.6719,-0.1937
-35.6902,36.6493,-0.1976
-35.5776,36.6269,-0.1967
-35.4657,36.6034,-0.2043
-35.3533,36.5793,-0.2086
-35.2410,36.5564,-0.2018
-35.1281,36.5337,-0.2001
-35.0148,36.5106,-0.2003
-34.9010,36.4878,-0.1996
-34.7878,36.4643,-0.2032
-34.6750,36.4419,-0.1960
-34.5620,36.4208,-0.1899
-34.4486,36.3986,-0.1920
-34.3351,36.3773,-0.1871
-34.2226,36.3570,-0.1825
-34.1101,36.3349,-0.1897
-33.9975,36.3134,-0.1883
-33.8880,36.2947,-0.1726
-33.7783,36.2793,-0.1517
-33.6674,36.2620,-0.1567
-33.5554,36.2436,-0.1598
-33.4427,36.2265,-0.1522
-33.3312,36.2115,-0.1385
-33.2189,36.1963,-0.1391
-33.1062,36.1792,-0.1473
-32.9927,36.1628,-0.1428
-32.8804,36.1484,-0.1312
-32.7682,36.1360,-0.1173
-32.6559,36.1222,-0.1228
-32.5430,36.1068,-0.1317
-32.4294,36.0921,-0.1283
-32.3163,36.0790,-0.1182
-32.2036,36.0675,-0.1077
-32.0910,36.0546,-0.1137
-31.9777,36.0410,-0.1175
-31.8633,36.0279,-0.1147
-31.7487,36.0146,-0.1147
-31.6350,36.0026,-0.1079
-31.5213,35.9893,-0.1154
-31.4072,35.9751,-0.1198
-31.2921,35.9615,-0.1178
-31.1779,35.9491,-0.1089
-31.0636,35.9382,-0.1017
-30.9493,35.9252,-0.1120
-30.8353,35.9121,-0.1129
-30.7225,35.8972,-0.1264
-30.6091,35.8807,-0.1382
-30.4956,35.8647,-0.1374
-30.3820,35.8498,-0.1336
-30.2675,35.8348,-0.1308
-30.1522,35.8205,-0.1255
-30.0369,35.8063,-0.1233
-29.9244,35.7913,-0.1319
-29.8117,35.7743,-0.1434
-29.6979,35.7582,-0.1396
-29.5836,35.7423,-0.1392
-29.4686,35.7261,-0.1404
-29.3533,35.7096,-0.1413
-29.2385,35.6946,-0.1322
-29.1238,35.6807,-0.1246
-29.0104,35.6676,-0.1173
-28.8973,35.6563,-0.1062
-28.7840,35.6436,-0.1120
-28.6699,35.6302,-0.1138
-28.5552,35.6166,-0.1175
-28.4408,35.6045,-0.1075
-28.3258,35.5932,-0.1012
-28.2105,35.5824,-0.0958
-28.0952,35.5722,-0.0903
-27.9836,35.5648,-0.0710
-27.8723,35.5608,-0.0478
-27.7612,35.5574,-0.0373
-27.6512,35.5567,-0.0161
-27.5401,35.5577,-0.0014
-27.4277,35.5593,0.0091
-27.3146,35.5606,0.0079
-27.2008,35.5605,0.0008
-27.0888,35.5593,-0.0050
-26.9811,35.5627,0.0224
-26.8725,35.5694,0.0456
-26.7618,35.5751,0.0467
-26.6501,35.5799,0.0444
-26.5404,35.5873,0.0623
-26.4298,35.5965,0.0745
-26.3178,35.6050,0.0730
-26.2060,35.6117,0.0636
-26.0970,35.6207,0.0796
-25.9871,35.6318,0.0917
-25.8754,35.6413,0.0853
-25.7633,35.6513,0.0905
-25.6515,35.6639,0.1045
-25.5387,35.6764,0.1070
-25.4252,35.6880,0.1038
-25.3132,35.7020,0.1198
-25.2002,35.7165,0.1227
-25.0868,35.7287,0.1112
-24.9732,35.7400,0.1040
-24.8617,35.7535,0.1173
-24.7495,35.7684,0.1257
-24.6367,35.7833,0.1296
-24.5236,35.7999,0.1411
-24.4101,35.8162,0.1410
-24.2972,35.8339,0.1519
-24.1836,35.8513,0.1500
-24.0709,35.8683,0.1520
-23.9589,35.8874,0.1629
-23.8463,35.9052,0.1578
-23.7346,35.9252,0.1734
-23.6221,35.9464,0.1810
-23.5089,35.9677,0.1836
-23.3958,35.9894,0.1887
-23.2848,36.0132,0.2056
-23.1734,36.0380,0.2138
-23.0616,36.0632,0.2195
-22.9506,36.0898,0.2308
-22.8399,36.1156,0.2290
-22.7298,36.1426,0.2363
-22.6194,36.1697,0.2402
-22.5085,36.1966,0.2373
-22.3988,36.2247,0.2489
-22.2920,36.2547,0.2669
-22.1851,36.2862,0.2803
-22.0770,36.3185,0.2852
-21.9685,36.3512,0.2903
-21.8606,36.3853,0.3019
-21.7527,36.4206,0.3124
-21.6449,36.4571,0.3219
-21.5385,36.4951,0.3371
-21.4316,36.5331,0.3369
-21.3238,36.5713,0.3402
-21.2163,36.6112,0.3518
-21.1093,36.6520,0.3606
-21.0022,36.6929,0.3635
-20.8968,36.7351,0.3766
-20.7924,36.7790,0.3907
-20.6877,36.8229,0.3954
-20.5827,36.8683,0.4041
-20.4774,36.9147,0.4116
-20.3723,36.9613,0.4153
-20.2677,37.0087,0.4223
-20.1630,37.0564,0.4260
-20.0584,37.1052,0.4331
-19.9531,37.1540,0.4330
-19.8477,37.2031,0.4344
-19.7431,37.2526,0.4395
-19.6399,37.3026,0.4491
-19.5386,37.3542,0.4631
-19.4367,37.4062,0.4689
-19.3355,37.4591,0.4787
-19.2347,37.5129,0.4864
-19.1336,37.5663,0.4855
-19.0339,37.6206,0.4971
-18.9345,37.6765,0.5062
-18.8347,37.7332,0.5124
-18.7350,37.7890,0.5120
-18.6361,37.8462,0.5197
-18.5379,37.9044,0.5306
-18.4394,37.9634,0.5365
-18.3418,38.0224,0.5432
-18.2451,38.0828,0.5520
-18.1480,38.1429,0.5532
-18.0526,38.2029,0.5615
-17.9585,38.2651,0.5765
-17.8652,38.3284,0.5906
-17.7737,38.3933,0.6077
-17.6804,38.4577,0.6029
-17.5871,38.5220,0.6043
-17.4959,38.5872,0.6178
-17.4073,38.6541,0.6376
-17.3182,38.7221,0.6458
-17.2281,38.7905,0.6481
-17.1388,38.8598,0.6577
-17.0509,38.9301,0.6699
-16.9638,39.0019,0.6827
-16.8768,39.0750,0.6932
-16.7898,39.1488,0.7008
-16.7035,39.2234,0.7082
-16.6179,39.2991,0.7196
-16.5320,39.3751,0.7227
-16.4473,39.4518,0.7328
-16.3636,39.5295,0.7433
-16.2800,39.6071,0.7459
-16.1961,39.6846,0.7454
-16.1132,39.7634,0.7572
-16.0312,39.8431,0.7669
-15.9514,39.9229,0.7810
-15.8727,40.0041,0.7931
-15.7927,40.0854,0.7916
-15.7112,40.1659,0.7840
-15.6304,40.2470,0.7861
-15.5531,40.3278,0.8040
-15.4778,40.4107,0.8226
-15.4017,40.4941,0.8264
-15.3247,40.5773,0.8259
-15.2492,40.6623,0.8388
-15.1733,40.7477,0.8416
-15.0974,40.8332,0.8453
-15.0238,40.9204,0.8620
-14.9494,41.0073,0.8599
-14.8761,41.0941,0.8679
-14.8034,41.1815,0.8727
-14.7292,41.2680,0.8647
-14.6554,41.3548,0.8679
-14.5831,41.4431,0.8796
-14.5103,41.5315,0.8810
-14.4384,41.6209,0.8908
-14.3663,41.7107,0.8914
-14.2938,41.8009,0.8928
-14.2217,41.8907,0.8938
-14.1516,41.9808,0.9066
-14.0822,42.0715,0.9125
-14.0128,42.1629,0.9197
-13.9437,42.2552,0.9255
-13.8743,42.3475,0.9260
-13.8059,42.4399,0.9315
-13.7391,42.5328,0.9409
-13.6716,42.6251,0.9401
-13.6042,42.7173,0.9397
-13.5369,42.8098,0.9421
-13.4723,42.9029,0.9585
-13.4075,42.9966,0.9620
-13.3431,43.0909,0.9679
-13.2806,43.1850,0.9808
-13.2196,43.2801,0.9939
-13.1604,43.3751,1.0083
-13.1020,43.4715,1.0191
-13.0438,43.5688,1.0263
-12.9841,43.6658,1.0197
-12.9263,43.7617,1.0289
-12.8723,43.8590,1.0521
-12.8184,43.9577,1.0649
-12.7646,44.0576,1.0721
-12.7111,44.1582,1.0778
-12.6579,44.2595,1.0843
-12.6058,44.3603,1.0915
-12.5583,44.4582,1.1127
-12.5139,44.5568,1.1356
-12.4706,44.6575,1.1536
-12.4293,44.7576,1.1710
-12.3910,44.8586,1.1941
-12.3532,44.9602,1.2069
-12.3202,45.0589,1.2353
-12.2916,45.1568,1.2669
-12.2650,45.2700,1.3162
-12.2460,45.3690,1.3521
-12.2282,45.4698,1.3771
-12.2143,45.5691,1.4115
-12.2047,45.6830,1.4589
-12.2007,45.7957,1.5077
-12.2028,45.9052,1.5601
-12.2104,46.0125,1.6088
-12.2250,46.1188,1.6672
-12.2457,46.2256,1.7225
-12.2712,46.3317,1.7710
-12.3017,46.4370,1.8227
-12.3387,46.5368,1.8855
-12.3816,46.6312,1.9495
-12.4300,46.7209,2.0128
-12.4829,46.8098,2.0642
-12.5399,46.8976,2.1125
-12.6022,46.9822,2.1651
-12.6698,47.0626,2.2255
-12.7426,47.1393,2.2855
-12.8183,47.2107,2.3437
-12.8978,47.2777,2.3961
-12.9796,47.3415,2.4456
-13.0656,47.3990,2.5053
-13.1558,47.4535,2.5562
-13.2507,47.5071,2.5950
-13.3490,47.5595,2.6290
-13.4496,47.6059,2.6799
-13.5530,47.6480,2.7252
-13.6569,47.6849,2.7722
-13.7637,47.7160,2.8233
-13.8750,47.7441,2.8661
-13.9751,47.7688,2.8818
-14.0778,47.7943,2.8913
-14.1812,47.8186,2.9030
-14.2835,47.8399,2.9265
-14.3864,47.8577,2.9546
-14.4914,47.8732,2.9768
-14.5980,47.8886,2.9898
-14.7048,47.9012,3.0125
-14.8133,47.9121,3.0295
-14.9235,47.9220,3.0441
-15.0352,47.9310,3.0543
-15.1474,47.9388,3.0663
-15.2591,47.9454,3.0765
-15.3677,47.9556,3.0546
-15.4773,47.9675,3.0415
-15.5887,47.9794,3.0393
-15.7015,47.9906,3.0432
-15.8153,48.0008,3.0494
-15.9296,48.0100,3.0580
-16.0444,48.0187,3.0637
-16.1597,48.0268,3.0692
-16.2753,48.0343,3.0746
-16.3902,48.0415,3.0773
-16.5039,48.0472,3.0875
-16.6168,48.0537,3.0830
-16.7303,48.0619,3.0741
-16.8445,48.0709,3.0672
-16.9595,48.0784,3.0746
-17.0750,48.0853,3.0801
-17.1904,48.0912,3.0879
-17.3062,48.0963,3.0945
-17.4223,48.1009,3.1000
-17.5388,48.1049,3.1049
-17.6557,48.1087,3.1073
-17.7700,48.1129,3.1042
-17.8828,48.1192,3.0911
-17.9961,48.1264,3.0820
-18.1102,48.1346,3.0750
-18.2250,48.1419,3.0793
-18.3405,48.1481,3.0852
-18.4562,48.1534,3.0935
-18.5720,48.1579,3.0997
-18.6882,48.1619,3.1051
-18.8039,48.1652,3.1106
-18.9193,48.1679,3.1158
-19.0298,48.1734,3.0958
-19.1406,48.1814,3.0798
-19.2527,48.1899,3.0709
-19.3664,48.1979,3.0715
-19.4809,48.2054,3.0756
-19.5962,48.2122,3.0809
-19.7115,48.2179,3.0892
-19.8272,48.2230,3.0953
-19.9431,48.2274,3.1008
-20.0591,48.2309,3.1092
-20.1756,48.2344,3.1094
-20.2894,48.2385,3.1059
-20.4025,48.2442,3.0957
-20.5161,48.2509,3.0857
-20.6306,48.2593,3.0747
-20.7457,48.2667,3.0780
-20.8613,48.2732,3.0833
-20.9772,48.2791,3.0887
-21.0935,48.2844,3.0942
-21.2100,48.2890,3.0997
-21.3266,48.2930,3.1051
-21.4429,48.2967,3.1088
-21.5579,48.2993,3.1157
-21.6704,48.3035,3.1059
-21.7829,48.3097,3.0923
-21.8964,48.3165,3.0867
-22.0107,48.3229,3.0858
-22.1259,48.3288,3.0896
-22.2415,48.3340,3.0949
-22.3573,48.3385,3.1004
-22.4732,48.3423,3.1073
-22.5894,48.3450,3.1148
-22.7059,48.3472,3.1200
-22.8224,48.3501,3.1164
-22.9384,48.3531,3.1169
-23.0544,48.3552,3.1222
-23.1664,48.3564,3.1265
-23.2751,48.3620,3.1008
-23.3849,48.3693,3.0852
-23.4964,48.3771,3.0783
-23.6093,48.3837,3.0827
-23.7235,48.3896,3.0880
-23.8384,48.3948,3.0934
-23.9538,48.3995,3.0988
-24.0695,48.4036,3.1042
-24.1856,48.4070,3.1097
-24.3021,48.4101,3.1124
-24.4183,48.4139,3.1103
-24.5344,48.4168,3.1152
-24.6487,48.4185,3.1236
-24.7605,48.4222,3.1097
-24.8718,48.4296,3.0869
-24.9842,48.4377,3.0772
-25.0981,48.4456,3.0753
-25.2126,48.4525,3.0801
-25.3277,48.4580,3.0903
-25.4434,48.4626,3.0980
-25.5595,48.4667,3.1035
-25.6759,48.4703,3.1090
-25.7925,48.4735,3.1120
-25.9076,48.4753,3.1226
-26.0214,48.4760,3.1316
-26.1310,48.4792,3.1150
-26.2410,48.4859,3.0937
-26.3527,48.4923,3.0896
-26.4660,48.4979,3.0915
-26.5802,48.5040,3.0894
-26.6952,48.5093,3.0942
-26.8106,48.5139,3.0996
-26.9263,48.5173,3.1084
-27.0420,48.5202,3.1141
-27.1560,48.5229,3.1154
-27.2673,48.5280,3.1006
-27.3786,48.5353,3.0848
-27.4910,48.5428,3.0798
-27.6048,48.5489,3.0872
-27.7194,48.5540,3.0947
-27.8345,48.5581,3.1019
-27.9496,48.5633,3.0976
-28.0643,48.5677,3.1020
-28.1767,48.5742,3.0875
-28.2893,48.5827,3.0732
-28.4032,48.5909,3.0727
-28.5180,48.5988,3.0720
-28.6333,48.6064,3.0758
-28.7490,48.6130,3.0826
-28.8646,48.6188,3.0874
-28.9793,48.6266,3.0763
-29.0938,48.6359,3.0652
-29.2085,48.6456,3.0618
-29.3224,48.6531,3.0719
-29.4371,48.6602,3.0776
-29.5517,48.6666,3.0827
-29.6656,48.6749,3.0713
-29.7797,48.6849,3.0588
-29.8942,48.6962,3.0497
-30.0080,48.7053,3.0598
-30.1221,48.7130,3.0695
-30.2364,48.7216,3.0646
-30.3507,48.7321,3.0551
-30.4655,48.7430,3.0495
-30.5811,48.7535,3.0518
-30.6958,48.7643,3.0469
-30.8101,48.7761,3.0419
-30.9248,48.7884,3.0361
-31.0403,48.8008,3.0359
-31.1556,48.8126,3.0395
-31.2696,48.8225,3.0494
-31.3836,48.8348,3.0368
-31.4976,48.8484,3.0281
-31.6122,48.8616,3.0286
-31.7258,48.8734,3.0361
-31.8398,48.8855,3.0346
-31.9541,48.8994,3.0246
-32.0692,48.9129,3.0255
-32.1842,48.9272,3.0193
-32.3000,48.9414,3.0198
-32.4158,48.9552,3.0231
-32.5313,48.9686,3.0251
-32.6464,48.9824,3.0225
-32.7619,48.9967,3.0201
-32.8770,49.0105,3.0216
-32.9914,49.0252,3.0143
-33.1056,49.0420,3.0014
-33.2201,49.0579,3.0060
-33.3339,49.0715,3.0170
-33.4466,49.0874,3.0041
-33.5599,49.1044,2.9984
-33.6734,49.1196,3.0064
-33.7869,49.1354,3.0019
-33.9006,49.1517,3.0023
-34.0151,49.1668,3.0084
-34.1290,49.1827,3.0024
-34.2427,49.2007,2.9887
-34.3566,49.2194,2.9845
-34.4712,49.2362,2.9919
-34.5858,49.2541,2.9876
-34.7005,49.2722,2.9857
-34.8149,49.2904,2.9835
-34.9294,49.3095,2.9789
-35.0438,49.3281,2.9802
-35.1575,49.3470,2.9770
-35.2716,49.3666,2.9737
-35.3859,49.3853,2.9781
-35.4989,49.4054,2.9682
-35.6125,49.4257,2.9675
-35.7256,49.4450,2.9720
-35.8392,49.4648,2.9689
-35.9529,49.4844,2.9721
-36.0654,49.5033,2.9745
-36.1780,49.5228,2.9707
-36.2915,49.5425,2.9713
-36.4056,49.5610,2.9772
-36.5198,49.5807,2.9711
-36.6335,49.6011,2.9669
-36.7461,49.6227,2.9555
-36.8594,49.6444,2.9551
-36.9730,49.6647,2.9629
-37.0868,49.6862,2.9565
-37.2006,49.7076,2.9569
-37.3143,49.7288,2.9563
-37.4284,49.7510,2.9513
-37.5412,49.7727,2.9519
-37.6536,49.7933,2.9574
-37.7667,49.8147,2.9555
-37.8804,49.8354,2.9603
-37.9943,49.8562,2.9599
-38.1085,49.8772,2.9603
-38.2217,49.8989,2.9535
-38.3352,49.9212,2.9502
-38.4489,49.9423,2.9556
-38.5623,49.9649,2.9476
-38.6758,49.9878,2.9447
-38.7885,50.0093,2.9521
-38.9019,50.0308,2.9523
-39.0152,50.0523,2.9549
-39.1272,50.0714,2.9682
-39.2398,50.0913,2.9655
-39.3523,50.1113,2.9659
-39.4644,50.1323,2.9588
-39.5774,50.1539,2.9557
-39.6903,50.1747,2.9599
-39.8034,50.1960,2.9552
-39.9169,50.2178,2.9538
-40.0296,50.2382,2.9597
-40.1424,50.2591,2.9583
-40.2552,50.2805,2.9550
-40.3672,50.3031,2.9470
-40.4800,50.3258,2.9452
-40.5929,50.3479,2.9473
-40.7064,50.3704,2.9457
-40.8197,50.3928,2.9481
-40.9332,50.4146,2.9494
-41.0471,50.4372,2.9470
-41.1612,50.4595,2.9483
-41.2750,50.4824,2.9442
-41.3888,50.5051,2.9456
-41.5019,50.5264,2.9523
-41.6148,50.5490,2.9467
-41.7284,50.5710,2.9495
-41.8423,50.5932,2.9484
-41.9562,50.6158,2.9477
-42.0697,50.6375,2.9510
-42.1828,50.6609,2.9403
-42.2961,50.6837,2.9438
-42.4094,50.7064,2.9427
-42.5226,50.7305,2.9359
-42.6345,50.7530,2.9426
-42.7470,50.7754,2.9423
-42.8597,50.7976,2.9471
-42.9731,50.8195,2.9483
-43.0867,50.8425,2.9433
-43.2003,50.8648,2.9480
-43.3142,50.8870,2.9482
-43.4286,50.9093,2.9494
-43.5418,50.9302,2.9564
-43.6547,50.9518,2.9524
-43.7684,50.9734,2.9548
-43.8816,50.9946,2.9552
-43.9945,51.0169,2.9482
-44.1072,51.0393,2.9468
-44.2198,51.0609,2.9501
-44.3329,51.0830,2.9495
-44.4460,51.1040,2.9570
-44.5596,51.1251,2.9558
-44.6733,51.1468,2.9550
-44.7857,51.1680,2.9534
-44.8985,51.1904,2.9487
-45.0110,51.2115,2.9555
-45.1234,51.2326,2.9543
-45.2364,51.2543,2.9535
-45.3475,51.2769,2.9423
-45.4589,51.3008,2.9350
-45.5707,51.3240,2.9375
-45.6832,51.3464,2.9415
-45.7962,51.3699,2.9381
-45.9096,51.3929,2.9410
-46.0228,51.4170,2.9334
-46.1354,51.4406,2.9357
-46.2479,51.4632,2.9397
-46.3610,51.4866,2.9392
-46.4744,51.5088,2.9466
-46.5881,51.5312,2.9454
-46.7020,51.5541,2.9446
-46.8160,51.5766,2.9453
-46.9302,51.6000,2.9417
-47.0443,51.6222,2.9485
-47.1585,51.6445,2.9473
-47.2728,51.6672,2.9465
-47.3866,51.6886,2.9534
-47.5007,51.7103,2.9527
-47.6139,51.7318,2.9539
-47.7263,51.7543,2.9463
-47.8396,51.7771,2.9449
-47.9530,51.7987,2.9514
-48.0666,51.8216,2.9442
-48.1800,51.8445,2.9438
-48.2932,51.8664,2.9471
-48.4068,51.8894,2.9437
-48.5191,51.9109,2.9524
-48.6314,51.9311,2.9572
-48.7442,51.9525,2.9556
-48.8575,51.9727,2.9624
-48.9711,51.9938,2.9583
-49.0848,52.0152,2.9577
-49.1980,52.0354,2.9616
-49.3110,52.0567,2.9566
-49.4233,52.0783,2.9519
-49.5351,52.1014,2.9424
-49.6477,52.1247,2.9407
-49.7606,52.1473,2.9427
-49.8738,52.1708,2.9381
-49.9874,52.1936,2.9433
-50.1017,52.2156,2.9480
-50.2160,52.2385,2.9456
-50.3298,52.2614,2.9430
-50.4433,52.2854,2.9363
-50.5566,52.3085,2.9399
-50.6699,52.3316,2.9397
-50.7834,52.3547,2.9403
-50.8971,52.3768,2.9480
-51.0108,52.3994,2.9450
-51.1243,52.4221,2.9456
-51.2379,52.4446,2.9452
-51.3519,52.4672,2.9459
-51.4653,52.4880,2.9570
-51.5791,52.5094,2.9545
-51.6926,52.5311,2.9524
-51.8044,52.5538,2.9443
-51.9167,52.5773,2.9385
-52.0293,52.6000,2.9419
-52.1422,52.6239,2.9348
-52.2554,52.6478,2.9352
-52.3683,52.6704,2.9410
-52.4814,52.6940,2.9367
-52.5949,52.7170,2.9419
-52.7086,52.7390,2.9466
-52.8220,52.7624,2.9411
-52.9355,52.7852,2.9416
-53.0488,52.8088,2.9382
-53.1623,52.8317,2.9422
-53.2756,52.8545,2.9420
-53.3889,52.8773,2.9424
-53.5025,52.8997,2.9467
-53.6163,52.9225,2.9436
-53.7301,52.9455,2.9442
-53.8439,52.9682,2.9435
-53.9577,52.9915,2.9410
-54.0710,53.0135,2.9485
-54.1847,53.0358,2.9479
-54.2985,53.0579,2.9496
-54.4124,53.0800,2.9490
-54.5266,53.1030,2.9441
-54.6399,53.1251,2.9494
-54.7527,53.1457,2.9559
-54.8659,53.1676,2.9521
-54.9793,53.1887,2.9566
-55.0926,53.2101,2.9554
-55.2063,53.2316,2.9547
-55.3188,53.2512,2.9666
-55.4305,53.2708,2.9645
-55.5426,53.2925,2.9562
-55.6556,53.3134,2.9590
-55.7663,53.3313,2.9767
-55.8767,53.3460,2.9978
-55.9888,53.3617,2.9989
-56.1019,53.3783,2.9968
-56.2161,53.3942,3.0016
-56.3300,53.4092,3.0088
-56.4430,53.4216,3.0253
-56.5559,53.4351,3.0212
-56.6689,53.4499,3.0140
-56.7830,53.4652,3.0112
-56.8973,53.4791,3.0189
-57.0119,53.4921,3.0265
-57.1255,53.5050,3.0252
-57.2390,53.5198,3.0164
-57.3535,53.5338,3.0198
-57.4671,53.5464,3.0295
-57.5807,53.5568,3.0438
-57.6941,53.5666,3.0493
-57.8074,53.5788,3.0380
-57.9215,53.5917,3.0331
-58.0365,53.6036,3.0375
-58.1515,53.6152,3.0412
-58.2652,53.6267,3.0382
-58.3789,53.6400,3.0290
-58.4933,53.6535,3.0274
-58.6083,53.6659,3.0325
-58.7222,53.6776,3.0376
-58.8355,53.6905,3.0292
-58.9494,53.7047,3.0220
-59.0639,53.7179,3.0270
-59.1786,53.7299,3.0340
-59.2922,53.7415,3.0389
-59.4060,53.7545,3.0295
-59.5204,53.7673,3.0321
-59.6356,53.7793,3.0355
-59.7509,53.7908,3.0413
-59.8656,53.8009,3.0502
-59.9805,53.8101,3.0577
-60.0960,53.8189,3.0633
-60.2121,53.8271,3.0687
-60.3262,53.8337,3.0810
-60.4399,53.8401,3.0815
-60.5540,53.8484,3.0725
-60.6685,53.8578,3.0639
-60.7838,53.8664,3.0672
-60.8996,53.8742,3.0726
-61.0156,53.8813,3.0780
-61.1315,53.8878,3.0835
-61.2477,53.8937,3.0889
-61.3643,53.8989,3.0944
-61.4806,53.9038,3.0974
-61.5964,53.9083,3.1017
-61.7119,53.9114,3.1105
-61.8272,53.9139,3.1176
-61.9424,53.9154,3.1248
-62.0573,53.9188,3.1134
-62.1727,53.9228,3.1111
-62.2878,53.9254,3.1177
-62.4032,53.9264,3.1284
-62.5185,53.9269,3.1339
-62.6332,53.9289,3.1254
-62.7484,53.9313,3.1238
-62.8636,53.9323,3.1318
-62.9791,53.9324,3.1376
-63.0944,53.9338,3.1309
-63.2096,53.9341,3.1378
-63.3251,53.9343,3.1374
-63.4404,53.9356,3.1325
-63.5560,53.9362,3.1362
-63.6721,53.9367,3.1359
-63.7882,53.9368,3.1398
-63.9040,53.9364,-3.1407
-64.0191,53.9377,3.1328
-64.1345,53.9393,3.1311
-64.2503,53.9398,3.1362
-64.3665,53.9395,-3.1416
-64.4821,53.9399,3.1367
-64.5977,53.9411,3.1346
-64.7136,53.9411,3.1398
-64.8296,53.9405,-3.1383
-64.9452,53.9409,3.1383
-65.0610,53.9416,3.1381
-65.1768,53.9408,-3.1369
-65.2922,53.9400,-3.1368
-65.4076,53.9402,3.1412
-65.5231,53.9409,3.1385
-65.6386,53.9405,-3.1398
-65.7536,53.9404,3.1413
-65.8684,53.9425,3.1282
-65.9838,53.9439,3.1308
-66.0994,53.9437,3.1395
-66.2153,53.9431,-3.1383
-66.3311,53.9435,3.1382
-66.4471,53.9442,3.1374
-66.5633,53.9440,-3.1407
-66.6794,53.9431,-3.1368
-66.7955,53.9432,-3.1412
-66.9111,53.9443,3.1349
-67.0269,53.9446,3.1389
-67.1432,53.9441,-3.1389
-67.2595,53.9437,-3.1403
-67.3758,53.9444,3.1381
-67.4922,53.9442,-3.1407
-67.6087,53.9434,-3.1368
-67.7248,53.9437,3.1396
-67.8411,53.9445,3.1374
-67.9577,53.9443,-3.1407
-68.0731,53.9430,-3.1324
-68.1853,53.9390,-3.1137
-68.2986,53.9345,-3.1063
-68.4126,53.9287,-3.0953
-68.5268,53.9238,-3.0999
-68.6414,53.9204,-3.1086
-68.7565,53.9177,-3.1148
-68.8726,53.9155,-3.1200
-68.9888,53.9125,-3.1164
-69.1047,53.9095,-3.1170
-69.2192,53.9076,-3.1212
-69.3295,53.9025,-3.1012
-69.4406,53.8956,-3.0886
-69.5529,53.8883,-3.0804
-69.6660,53.8821,-3.0866
-69.7795,53.8775,-3.0968
-69.8934,53.8740,-3.1070
-70.0042,53.8686,-3.0935
-70.1141,53.8601,-3.0740
-70.2255,53.8512,-3.0682
-70.3380,53.8444,-3.0789
-70.4506,53.8380,-3.0807
-70.5610,53.8287,-3.0632
-70.6723,53.8178,-3.0506
-70.7846,53.8065,-3.0467
-70.8971,53.7969,-3.0525
-71.0098,53.7851,-3.0413
-71.1235,53.7726,-3.0364
-71.2378,53.7612,-3.0408
-71.3513,53.7483,-3.0308
-71.4655,53.7347,-3.0270
-71.5802,53.7216,-3.0285
-71.6953,53.7097,-3.0364
-71.8082,53.6961,-3.0231
-71.9214,53.6810,-3.0141
-72.0350,53.6677,-3.0238
-72.1487,53.6550,-3.0272
-72.2618,53.6408,-3.0192
-72.3756,53.6259,-3.0139
-72.4898,53.6122,-3.0206
-72.6030,53.5974,-3.0126
-72.7165,53.5816,-3.0073
-72.8305,53.5678,-3.0183
-72.9448,53.5547,-3.0245
-73.0576,53.5408,-3.0172
-73.1701,53.5248,-3.0057
-73.2833,53.5095,-3.0086
-73.3957,53.4958,-3.0182
-73.5084,53.4834,-3.0252
-73.6208,53.4687,-3.0155
-73.7343,53.4541,-3.0157
-73.8479,53.4407,-3.0224
-73.9610,53.4293,-3.0359
-74.0745,53.4195,-3.0499
-74.1884,53.4115,-3.0642
-74.3018,53.4023,-3.0596
-74.4135,53.3903,-3.0416
-74.5253,53.3776,-3.0336
-74.6353,53.3626,-3.0136
-74.7438,53.3459,-2.9961
-74.8520,53.3263,-2.9749
-74.9603,53.3048,-2.9559
-75.0678,53.2810,-2.9340
-75.1717,53.2552,-2.9095
-75.2675,53.2259,-2.8663
-75.3708,53.1865,-2.8081
-75.4622,53.1427,-2.7385
-75.5563,53.0857,-2.6573
-75.6392,53.0229,-2.5645
-75.7203,52.9459,-2.4588
-75.7890,52.8638,-2.3563
-75.8454,52.7804,-2.2571
-75.8927,52.6910,-2.1558
-75.9341,52.5955,-2.0653
-75.9642,52.4891,-1.9455
-75.9813,52.3814,-1.8283
-75.9882,52.2721,-1.7269
-75.9837,52.1620,-1.6206
-75.9699,52.0611,-1.5271
-75.9452,51.9587,-1.4266
-75.9109,51.8531,-1.3352
-75.8742,51.7551,-1.2719
-75.8297,51.6581,-1.1978
-75.7765,51.5588,-1.1349
-75.7263,51.4665,-1.1022
-75.6715,51.3717,-1.0693
-75.6115,51.2773,-1.0295
-75.5462,51.1829,-0.9912
-75.4873,51.1012,-0.9671
-75.4258,51.0178,-0.9500
-75.3630,50.9312,-0.9473
-75.2983,50.8431,-0.9400
-75.2319,50.7546,-0.9322
-75.1653,50.6653,-0.9314
-75.0974,50.5770,-0.9182
-75.0277,50.4901,-0.9020
-74.9567,50.4033,-0.8920
-74.8851,50.3168,-0.8823
-74.8120,50.2321,-0.8674
-74.7378,50.1475,-0.8561
-74.6624,50.0635,-0.8437
-74.5854,49.9808,-0.8282
-74.5077,49.8975,-0.8241
-74.4297,49.8134,-0.8241
-74.3513,49.7300,-0.8175
-74.2721,49.6478,-0.8084
-74.1925,49.5670,-0.7974
-74.1129,49.4861,-0.7957
-74.0329,49.4051,-0.7925
-73.9523,49.3245,-0.7872
-73.8717,49.2429,-0.7913
-73.7908,49.1614,-0.7878
-73.7083,49.0807,-0.7799
-73.6268,48.9989,-0.7865
-73.5454,48.9168,-0.7881
-73.4641,48.8340,-0.7930
-73.3823,48.7516,-0.7898
-73.3007,48.6699,-0.7872
-73.2199,48.5871,-0.7951
-73.1392,48.5048,-0.7948
-73.0582,48.4236,-0.7892
-72.9771,48.3421,-0.7882
-72.8962,48.2610,-0.7862
-72.8148,48.1800,-0.7851
-72.7336,48.0985,-0.7863
-72.6526,48.0172,-0.7860
-72.5707,47.9364,-0.7816
-72.4888,47.8550,-0.7831
-72.4070,47.7728,-0.7866
-72.3254,47.6904,-0.7878
-72.2432,47.6099,-0.7778
-72.1611,47.5294,-0.7787
-72.0792,47.4481,-0.7813
-71.9981,47.3657,-0.7900
-71.9169,47.2830,-0.7925
-71.8359,47.2010,-0.7902
-71.7550,47.1200,-0.7885
-71.6739,47.0385,-0.7878
-71.5923,46.9576,-0.7828
-71.5108,46.8762,-0.7862
-71.4315,46.7941,-0.7983
-71.3525,46.7114,-0.8045
-71.2736,46.6278,-0.8106
-71.1935,46.5449,-0.8034
-71.1132,46.4618,-0.8030
-71.0323,46.3789,-0.7993
-70.9513,46.2958,-0.7989
-70.8704,46.2127,-0.7990
-70.7900,46.1298,-0.8004
-70.7100,46.0471,-0.8011
-70.6295,45.9643,-0.7994
-70.5482,45.8817,-0.7943
-70.4662,45.7990,-0.7917
-70.3844,45.7167,-0.7899
-70.3032,45.6338,-0.7953
-70.2233,45.5508,-0.8018
-70.1426,45.4677,-0.7995
-70.0616,45.3844,-0.8010
-69.9807,45.3015,-0.7977
-69.8996,45.2195,-0.7917
-69.8181,45.1372,-0.7915
-69.7369,45.0544,-0.7947
-69.6559,44.9720,-0.7937
-69.5757,44.8890,-0.8014
-69.4957,44.8071,-0.7951
-69.4141,44.7275,-0.7805
-69.3331,44.6469,-0.7846
-69.2519,44.5654,-0.7861
-69.1710,44.4840,-0.7877
-69.0920,44.4030,-0.7966
-69.0141,44.3213,-0.8056
-68.9359,44.2386,-0.8112
-68.8572,44.1552,-0.8124
-68.7771,44.0728,-0.8020
-68.6959,43.9908,-0.7951
-68.6150,43.9080,-0.7979
-68.5345,43.8247,-0.8022
-68.4546,43.7405,-0.8086
-68.3743,43.6564,-0.8077
-68.2940,43.5723,-0.8088
-68.2133,43.4881,-0.8062
-68.1326,43.4048,-0.8019
-68.0513,43.3223,-0.7955
-67.9699,43.2397,-0.7934
-67.8878,43.1575,-0.7882
-67.8053,43.0755,-0.7843
-67.7240,42.9929,-0.7919
-67.6430,42.9101,-0.7947
-67.5618,42.8273,-0.7945
-67.4806,42.7450,-0.7928
-67.3994,42.6625,-0.7948
-67.3184,42.5798,-0.7948
-67.2372,42.4975,-0.7930
-67.1563,42.4144,-0.7975
-67.0766,42.3320,-0.8022
-66.9982,42.2485,-0.8119
-66.9200,42.1639,-0.8206
-66.8418,42.0794,-0.8217
-66.7624,41.9958,-0.8133
-66.6820,41.9125,-0.8072
-66.6020,41.8285,-0.8101
-66.5227,41.7441,-0.8139
-66.4428,41.6611,-0.8060
-66.3621,41.5784,-0.8015
-66.2822,41.4957,-0.8021
-66.2018,41.4137,-0.7970
-66.1213,41.3317,-0.7950
-66.0402,41.2502,-0.7899
-65.9595,41.1681,-0.7946
-65.8794,41.0853,-0.7995
-65.7989,41.0033,-0.7951
-65.7182,40.9211,-0.7965
-65.6378,40.8380,-0.7998
-65.5575,40.7562,-0.7944
-65.4763,40.6744,-0.7913
-65.3952,40.5922,-0.7923
-65.3157,40.5099,-0.8015
-65.2376,40.4260,-0.8146
-65.1587,40.3421,-0.8143
-65.0796,40.2584,-0.8141
-65.0004,40.1741,-0.8157
-64.9203,40.0906,-0.8077
-64.8397,40.0078,-0.8032
-64.7596,39.9239,-0.8066
-64.6792,39.8396,-0.8085
-64.5993,39.7558,-0.8089
-64.5189,39.6728,-0.8024
-64.4384,39.5914,-0.7954
-64.3605,39.5096,-0.8060
-64.2833,39.4268,-0.8172
-64.2067,39.3429,-0.8255
-64.1283,39.2598,-0.8162
-64.0497,39.1763,-0.8173
-63.9713,39.0918,-0.8210
-63.8935,39.0069,-0.8275
-63.8158,38.9215,-0.8303
-63.7378,38.8359,-0.8317
-63.6593,38.7502,-0.8291
-63.5813,38.6660,-0.8255
-63.5059,38.5815,-0.8387
-63.4302,38.4964,-0.8407
-63.3547,38.4109,-0.8456
-63.2796,38.3260,-0.8462
-63.2046,38.2408,-0.8479
-63.1299,38.1546,-0.8550
-63.0558,38.0682,-0.8603
-62.9819,37.9812,-0.8656
-62.9090,37.8934,-0.8735
-62.8368,37.8056,-0.8803
-62.7645,37.7168,-0.8845
-62.6918,37.6281,-0.8849
-62.6204,37.5383,-0.8955
-62.5484,37.4480,-0.8959
-62.4767,37.3575,-0.8990
-62.4049,37.2674,-0.8990
-62.3349,37.1776,-0.9065
-62.2659,37.0873,-0.9146
-62.1978,36.9971,-0.9213
-62.1297,36.9058,-0.9270
-62.0620,36.8134,-0.9355
-61.9947,36.7199,-0.9430
-61.9271,36.6257,-0.9468
-61.8598,36.5310,-0.9506
-61.7926,36.4363,-0.9525
-61.7266,36.3416,-0.9614
-61.6611,36.2459,-0.9668
-61.5956,36.1501,-0.9702
-61.5302,36.0544,-0.9688
-61.4644,35.9585,-0.9703
-61.3982,35.8629,-0.9661
-61.3326,35.7671,-0.9702
-61.2677,35.6708,-0.9756
-61.2034,35.5742,-0.9811
-61.1389,35.4798,-0.9712
-61.0725,35.3865,-0.9593
-61.0064,35.2927,-0.9584
-60.9404,35.1983,-0.9601
-60.8751,35.1044,-0.9637
-60.8104,35.0095,-0.9699
-60.7457,34.9135,-0.9754
-60.6802,34.8176,-0.9713
-60.6145,34.7218,-0.9706
-60.5488,34.6260,-0.9693
-60.4826,34.5314,-0.9617
-60.4161,34.4368,-0.9600
-60.3505,34.3425,-0.9634
-60.2859,34.2472,-0.9713
-60.2203,34.1527,-0.9656
-60.1559,34.0593,-0.9687
-60.0920,33.9647,-0.9733
-60.0289,33.8698,-0.9823
-59.9676,33.7745,-0.9946
-59.9057,33.6786,-0.9954
-59.8436,33.5821,-0.9989
-59.7823,33.4854,-1.0045
-59.7217,33.3880,-1.0096
-59.6609,33.2912,-1.0098
-59.6016,33.1939,-1.0203
-59.5434,33.0958,-1.0300
-59.4856,32.9976,-1.0356
-59.4281,32.8995,-1.0402
-59.3721,32.8008,-1.0498
-59.3161,32.7017,-1.0517
-59.2599,32.6022,-1.0566
-59.2048,32.5020,-1.0653
-59.1504,32.4009,-1.0735
-59.0953,32.3000,-1.0707
-59.0404,32.1990,-1.0720
-58.9858,32.0980,-1.0740
-58.9326,31.9966,-1.0836
-58.8800,31.8955,-1.0901
-58.8284,31.7936,-1.0971
-58.7770,31.6907,-1.1036
-58.7258,31.5872,-1.1088
-58.6739,31.4833,-1.1077
-58.6219,31.3800,-1.1056
-58.5697,31.2775,-1.1024
-58.5187,31.1748,-1.1078
-58.4688,31.0719,-1.1157
-58.4201,30.9691,-1.1243
-58.3715,30.8661,-1.1291
-58.3228,30.7626,-1.1294
-58.2744,30.6590,-1.1304
-58.2250,30.5553,-1.1276
-58.1762,30.4508,-1.1334
-58.1272,30.3461,-1.1327
-58.0785,30.2414,-1.1343
-58.0294,30.1367,-1.1327
-57.9802,30.0315,-1.1328
-57.9301,29.9270,-1.1253
-57.8808,29.8226,-1.1299
-57.8336,29.7174,-1.1444
-57.7856,29.6129,-1.1381
-57.7368,29.5084,-1.1362
-57.6876,29.4042,-1.1305
-57.6381,29.3003,-1.1273
-57.5884,29.1962,-1.1255
-57.5405,29.0927,-1.1365
-57.4929,28.9890,-1.1379
-57.4456,28.8850,-1.1412
-57.3978,28.7809,-1.1396
-57.3504,28.6762,-1.1454
-57.3024,28.5717,-1.1401
-57.2533,28.4678,-1.1326
-57.2047,28.3638,-1.1339
-57.1566,28.2597,-1.1349
-57.1087,28.1555,-1.1396
-57.0612,28.0506,-1.1435
-57.0127,27.9458,-1.1388
-56.9640,27.8408,-1.1384
-56.9155,27.7360,-1.1372
-56.8675,27.6312,-1.1402
-56.8204,27.5270,-1.1451
-56.7729,27.4225,-1.1439
-56.7249,27.3174,-1.1437
-56.6768,27.2125,-1.1407
-56.6277,27.1084,-1.1340
-56.5801,27.0042,-1.1398
-56.5332,26.9000,-1.1463
-56.4868,26.7950,-1.1520
-56.4394,26.6899,-1.1465
-56.3908,26.5847,-1.1408
-56.3415,26.4800,-1.1329
-56.2924,26.3755,-1.1325
-56.2440,26.2711,-1.1364
-56.1976,26.1670,-1.1483
-56.1511,26.0619,-1.1509
-56.1035,25.9569,-1.1459
-56.0556,25.8517,-1.1439
-56.0073,25.7474,-1.1378
-55.9582,25.6441,-1.1330
-55.9106,25.5396,-1.1413
-55.8625,25.4352,-1.1387
-55.8151,25.3305,-1.1434
-55.7680,25.2257,-1.1446
-55.7194,25.1217,-1.1361
-55.6719,25.0177,-1.1430
-55.6249,24.9133,-1.1464
-55.5781,24.8084,-1.1490
-55.5318,24.7035,-1.1521
-55.4839,24.5990,-1.1440
-55.4353,24.4942,-1.1385
-55.3863,24.3895,-1.1357
-55.3372,24.2857,-1.1321
-55.2890,24.1818,-1.1360
-55.2413,24.0775,-1.1394
-55.1943,23.9731,-1.1459
-55.1470,23.8683,-1.1449
-55.0979,23.7645,-1.1331
-55.0482,23.6612,-1.1269
-54.9998,23.5591,-1.1306
-54.9537,23.4566,-1.1417
-54.9078,23.3531,-1.1489
-54.8609,23.2489,-1.1478
-54.8136,23.1439,-1.1480
-54.7662,23.0391,-1.1465
-54.7181,22.9343,-1.1415
-54.6694,22.8300,-1.1354
-54.6202,22.7260,-1.1299
-54.5713,22.6218,-1.1330
-54.5234,22.5170,-1.1398
-54.4748,22.4125,-1.1362
-54.4268,22.3071,-1.1406
-54.3787,22.2018,-1.1410
-54.3303,22.0968,-1.1392
-54.2811,21.9924,-1.1317
-54.2314,21.8879,-1.1285
-54.1822,21.7835,-1.1311
-54.1331,21.6786,-1.1330
-54.0838,21.5735,-1.1319
-54.0348,21.4685,-1.1336
-53.9860,21.3636,-1.1339
-53.9380,21.2590,-1.1397
-53.8897,21.1544,-1.1376
-53.8407,21.0495,-1.1353
-53.7912,20.9458,-1.1273
-53.7409,20.8429,-1.1199
-53.6906,20.7391,-1.1206
-53.6399,20.6356,-1.1155
-53.5892,20.5328,-1.1142
-53.5409,20.4298,-1.1268
-53.4921,20.3264,-1.1299
-53.4442,20.2224,-1.1364
-53.3967,20.1178,-1.1406
-53.3482,20.0131,-1.1364
-53.2981,19.9090,-1.1268
-53.2476,19.8048,-1.1209
-53.1960,19.7011,-1.1135
-53.1454,19.5968,-1.1178
-53.0946,19.4921,-1.1187
-53.0446,19.3879,-1.1233
-52.9942,19.2844,-1.1195
-52.9439,19.1801,-1.1210
-52.8932,19.0760,-1.1175
-52.8420,18.9717,-1.1150
-52.7912,18.8678,-1.1147
-52.7396,18.7642,-1.1112
-52.6884,18.6601,-1.1125
-52.6369,18.5563,-1.1108
-52.5843,18.4531,-1.1024
-52.5317,18.3498,-1.1024
-52.4802,18.2468,-1.1069
-52.4285,18.1436,-1.1064
-52.3772,18.0402,-1.1096
-52.3267,17.9366,-1.1141
-52.2767,17.8327,-1.1191
-52.2256,17.7289,-1.1145
-52.1745,17.6250,-1.1147
-52.1228,17.5215,-1.1099
-52.0709,17.4176,-1.1087
-52.0187,17.3147,-1.1020
-51.9655,17.2131,-1.0937
-51.9124,17.1110,-1.0923
-51.8598,17.0089,-1.0958
-51.8063,16.9064,-1.0916
-51.7534,16.8036,-1.0961
-51.7003,16.7005,-1.0935
-51.6472,16.5978,-1.0950
-51.5955,16.4943,-1.1029
-51.5436,16.3908,-1.1033
-51.4908,16.2876,-1.0996
-51.4379,16.1839,-1.1002
-51.3853,16.0811,-1.0981
-51.3322,15.9787,-1.0948
-51.2785,15.8762,-1.0897
-51.2239,15.7739,-1.0841
-51.1697,15.6710,-1.0855
-51.1156,15.5678,-1.0873
-51.0606,15.4655,-1.0793
-51.0057,15.3651,-1.0747
-50.9523,15.2640,-1.0827
-50.8986,15.1622,-1.0836
-50.8444,15.0603,-1.0834
-50.7903,14.9586,-1.0821
-50.7354,14.8570,-1.0772
-50.6803,14.7553,-1.0749
-50.6254,14.6545,-1.0733
-50.5719,14.5529,-1.0832
-50.5177,14.4521,-1.0765
-50.4627,14.3510,-1.0746
-50.4079,14.2494,-1.0762
-50.3534,14.1471,-1.0794
-50.2987,14.0449,-1.0784
-50.2444,13.9435,-1.0792
-50.1899,13.8427,-1.0783
-50.1363,13.7410,-1.0829
-50.0822,13.6392,-1.0829
-50.0283,13.5376,-1.0831
-49.9736,13.4366,-1.0767
-49.9188,13.3352,-1.0759
-49.8635,13.2334,-1.0741
-49.8079,13.1313,-1.0738
-49.7528,13.0291,-1.0755
-49.6970,12.9272,-1.0712
-49.6417,12.8253,-1.0743
-49.5870,12.7230,-1.0777
-49.5319,12.6219,-1.0730
-49.4769,12.5203,-1.0742
-49.4213,12.4192,-1.0695
-49.3657,12.3177,-1.0692
-49.3091,12.2171,-1.0609
-49.2514,12.1166,-1.0534
-49.1949,12.0157,-1.0598
-49.1390,11.9144,-1.0653
-49.0826,11.8132,-1.0622
-49.0263,11.7118,-1.0635
-48.9694,11.6113,-1.0569
-48.9112,11.5122,-1.0449
-48.8529,11.4130,-1.0418
-48.7944,11.3133,-1.0404
-48.7368,11.2136,-1.0461
-48.6788,11.1139,-1.0437
-48.6199,11.0146,-1.0382
-48.5606,10.9164,-1.0301
-48.5005,10.8179,-1.0259
-48.4402,10.7199,-1.0208
-48.3792,10.6225,-1.0140
-48.3183,10.5247,-1.0145
-48.2575,10.4264,-1.0163
-48.1972,10.3275,-1.0212
-48.1363,10.2297,-1.0147
-48.0745,10.1324,-1.0082
-48.0124,10.0361,-1.0011
-47.9508,9.9391,-1.0051
-47.8894,9.8420,-1.0056
-47.8271,9.7460,-0.9974
-47.7647,9.6521,-0.9885
-47.7019,9.5571,-0.9879
-47.6385,9.4616,-0.9862
-47.5743,9.3662,-0.9795
-47.5094,9.2727,-0.9683
-47.4437,9.1790,-0.9632
-47.3779,9.0850,-0.9615
-47.3131,8.9901,-0.9691
-47.2472,8.8952,-0.9637
-47.1808,8.8006,-0.9607
-47.1138,8.7061,-0.9572
-47.0480,8.6115,-0.9622
-46.9822,8.5161,-0.9647
-46.9164,8.4216,-0.9631
-46.8498,8.3275,-0.9566
-46.7830,8.2334,-0.9553
-46.7165,8.1385,-0.9588
-46.6498,8.0434,-0.9578
-46.5823,7.9486,-0.9541
-46.5147,7.8546,-0.9490
-46.4484,7.7599,-0.9587
-46.3822,7.6648,-0.9605
-46.3149,7.5700,-0.9557
-46.2475,7.4754,-0.9519
-46.1792,7.3810,-0.9470
-46.1110,7.2866,-0.9465
-46.0429,7.1925,-0.9448
-45.9753,7.0986,-0.9463
-45.9090,7.0050,-0.9531
-45.8431,6.9104,-0.9590
-45.7767,6.8160,-0.9576
-45.7101,6.7218,-0.9559
-45.6432,6.6287,-0.9494
-45.5759,6.5348,-0.9500
-45.5086,6.4408,-0.9488
-45.4411,6.3467,-0.9485
-45.3740,6.2528,-0.9505
-45.3076,6.1582,-0.9554
-45.2407,6.0635,-0.9554
-45.1733,5.9686,-0.9537
-45.1057,5.8740,-0.9518
-45.0390,5.7792,-0.9566
-44.9725,5.6839,-0.9603
-44.9058,5.5894,-0.9555
-44.8384,5.4956,-0.9505
-44.7712,5.4015,-0.9514
-44.7037,5.3067,-0.9517
-44.6358,5.2121,-0.9481
-44.5671,5.1180,-0.9432
-44.4989,5.0239,-0.9443
-44.4322,4.9299,-0.9511
-44.3650,4.8359,-0.9499
-44.2975,4.7421,-0.9477
-44.2291,4.6489,-0.9401
-44.1621,4.5553,-0.9480
-44.0954,4.4611,-0.9521
-44.0277,4.3675,-0.9471
-43.9602,4.2735,-0.9486
-43.8941,4.1793,-0.9565
-43.8279,4.0846,-0.9591
-43.7611,3.9906,-0.9538
-43.6932,3.8970,-0.9464
-43.6250,3.8041,-0.9417
-43.5582,3.7100,-0.9509
-43.4912,3.6161,-0.9497
-43.4235,3.5225,-0.9463
-43.3563,3.4288,-0.9479
-43.2900,3.3345,-0.9554
-43.2238,3.2393,-0.9607
-43.1566,3.1447,-0.9541
-43.0889,3.0505,-0.9505
-43.0216,2.9560,-0.9518
-42.9543,2.8616,-0.9514
-42.8866,2.7675,-0.9471
-42.8188,2.6736,-0.9470
-42.7529,2.5799,-0.9563
-42.6874,2.4854,-0.9609
-42.6211,2.3914,-0.9569
-42.5538,2.2977,-0.9501
-42.4865,2.2049,-0.9463
-42.4204,2.1113,-0.9535
-42.3539,2.0168,-0.9556
-42.2865,1.9224,-0.9516
-42.2185,1.8281,-0.9486
-42.1507,1.7333,-0.9502
-42.0833,1.6381,-0.9531
-42.0169,1.5425,-0.9607
-41.9507,1.4464,-0.9657
-41.8852,1.3534,-0.9575
-41.8185,1.2604,-0.9522
-41.7521,1.1666,-0.9555
-41.6860,1.0723,-0.9574
-41.6197,0.9785,-0.9554
-41.5521,0.8850,-0.9486
-41.4849,0.7920,-0.9465
-41.4181,0.6982,-0.9509
-41.3517,0.6047,-0.9528
-41.2860,0.5103,-0.9596
-41.2197,0.4158,-0.9585
-41.1533,0.3210,-0.9599
-41.0860,0.2267,-0.9537
-41.0189,0.1318,-0.9551
-40.9527,0.0365,-0.9625
-40.8875,-0.0594,-0.9694
-40.8216,-0.1535,-0.9604
-40.7551,-0.2463,-0.9534
-40.6887,-0.3403,-0.9565
-40.6235,-0.4350,-0.9635
-40.5578,-0.5290,-0.9599
-40.4906,-0.6202,-0.9420
-40.4228,-0.7120,-0.9390
-40.3568,-0.8046,-0.9498
-40.2915,-0.8984,-0.9567
-40.2260,-0.9924,-0.9601
-40.1601,-1.0865,-0.9590
-40.0935,-1.1802,-0.9554
-40.0271,-1.2745,-0.9569
-39.9608,-1.3699,-0.9616
-39.8946,-1.4653,-0.9636
-39.8287,-1.5596,-0.9607
-39.7617,-1.6530,-0.9523
-39.6946,-1.7462,-0.9477
-39.6265,-1.8384,-0.9382
-39.5581,-1.9315,-0.9386
-39.4896,-2.0251,-0.9389
-39.4215,-2.1193,-0.9436
-39.3535,-2.2130,-0.9427
-39.2851,-2.3057,-0.9363
-39.2164,-2.3981,-0.9335
-39.1478,-2.4897,-0.9302
-39.0798,-2.5814,-0.9317
-39.0115,-2.6735,-0.9330
-38.9434,-2.7664,-0.9367
-38.8747,-2.8596,-0.9352
-38.8055,-2.9521,-0.9304
-38.7364,-3.0445,-0.9299
-38.6680,-3.1369,-0.9336
-38.5999,-3.2297,-0.9364
-38.5311,-3.3229,-0.9339
-38.4626,-3.4164,-0.9380
-38.3944,-3.5100,-0.9401
-38.3266,-3.6030,-0.9406
-38.2585,-3.6960,-0.9390
-38.1911,-3.7887,-0.9425
-38.1245,-3.8821,-0.9488
-38.0582,-3.9759,-0.9527
-37.9907,-4.0690,-0.9449
-37.9221,-4.1615,-0.9378
-37.8555,-4.2549,-0.9484
-37.7887,-4.3490,-0.9506
-37.7215,-4.4432,-0.9517
-37.6545,-4.5378,-0.9537
-37.5897,-4.6318,-0.9656
-37.5259,-4.7266,-0.9723
-37.4612,-4.8220,-0.9736
-37.3972,-4.9183,-0.9819
-37.3330,-5.0142,-0.9790
-37.2686,-5.1107,-0.9823
-37.2054,-5.2071,-0.9891
-37.1438,-5.3039,-0.9994
-37.0820,-5.4014,-1.0031
-37.0195,-5.4986,-0.9989
-36.9576,-5.5960,-1.0029
-36.8968,-5.6931,-1.0082
-36.8374,-5.7901,-1.0188
-36.7795,-5.8870,-1.0278
-36.7221,-5.9844,-1.0352
-36.6659,-6.0827,-1.0459
-36.6108,-6.1817,-1.0576
-36.5552,-6.2817,-1.0607
-36.5002,-6.3824,-1.0683
-36.4444,-6.4825,-1.0627
-36.3889,-6.5823,-1.0641
-36.3340,-6.6827,-1.0679
-36.2797,-6.7836,-1.0739
-36.2256,-6.8848,-1.0781
-36.1719,-6.9861,-1.0829
-36.1182,-7.0873,-1.0822
-36.0634,-7.1876,-1.0733
-36.0081,-7.2882,-1.0713
-35.9531,-7.3884,-1.0691
-35.8969,-7.4875,-1.0591
-35.8408,-7.5856,-1.0524
-35.7832,-7.6837,-1.0446
-35.7253,-7.7802,-1.0343
-35.6658,-7.8763,-1.0221
-35.6056,-7.9721,-1.0145
-35.5454,-8.0651,-1.0014
-35.4844,-8.1563,-0.9868
-35.4213,-8.2455,-0.9646
-35.3583,-8.3283,-0.9346
-35.2939,-8.4049,-0.8952
-35.2158,-8.4883,-0.8463
-35.1345,-8.5690,-0.8065
-35.0510,-8.6453,-0.7640
-34.9660,-8.7155,-0.7173
-34.8791,-8.7791,-0.6654
-34.7904,-8.8355,-0.6057
-34.6993,-8.8862,-0.5495
-34.5987,-8.9303,-0.4670
-34.4946,-8.9677,-0.3973
-34.3867,-8.9968,-0.3205
-34.2806,-9.0167,-0.2430
-34.1726,-9.0286,-0.1678
-34.0616,-9.0336,-0.0980
-33.9611,-9.0325,-0.0414
-33.8578,-9.0276,0.0061
-33.7525,-9.0173,0.0570
-33.6422,-9.0040,0.0931
-33.5275,-8.9875,0.1225
-33.4247,-8.9731,0.1286
-33.3201,-8.9578,0.1412
-33.2133,-8.9405,0.1514
-33.1048,-8.9231,0.1572
-32.9947,-8.9050,0.1592
-32.8844,-8.8858,0.1705
-32.7735,-8.8651,0.1780
-32.6634,-8.8434,0.1911
-32.5525,-8.8208,0.1976
-32.4409,-8.7974,0.2039
-32.3292,-8.7736,0.2088
-32.2180,-8.7487,0.2154
-32.1061,-8.7244,0.2141
-31.9940,-8.6995,0.2170
-31.8826,-8.6747,0.2197
-31.7711,-8.6487,0.2247
-31.6602,-8.6222,0.2335
-31.5496,-8.5946,0.2384
-31.4388,-8.5678,0.2391
-31.3281,-8.5399,0.2438
-31.2171,-8.5116,0.2481
-31.1063,-8.4837,0.2451
-30.9953,-8.4553,0.2489
-30.8837,-8.4282,0.2411
-30.7724,-8.4001,0.2453
-30.6610,-8.3733,0.2377
-30.5505,-8.3463,0.2420
-30.4399,-8.3176,0.2498
-30.3285,-8.2882,0.2553
-30.2172,-8.2587,0.2575
-30.1060,-8.2289,0.2598
-29.9948,-8.2006,0.2519
-29.8836,-8.1713,0.2560
-29.7730,-8.1418,0.2617
-29.6629,-8.1118,0.2622
-29.5524,-8.0820,0.2654
-29.4425,-8.0512,0.2690
-29.3319,-8.0215,0.2650
-29.2214,-7.9921,0.2595
-29.1105,-7.9642,0.2524
-28.9992,-7.9345,0.2589
-28.8882,-7.9042,0.2640
-28.7772,-7.8752,0.2559
-28.6667,-7.8469,0.2539
-28.5560,-7.8173,0.2581
-28.4449,-7.7883,0.2573
-28.3335,-7.7581,0.2625
-28.2229,-7.7269,0.2712
-28.1129,-7.6965,0.2685
-28.0023,-7.6665,0.2658
-27.8921,-7.6379,0.2571
-27.7817,-7.6087,0.2600
-27.6710,-7.5801,0.2539
-27.5604,-7.5512,0.2567
-27.4495,-7.5216,0.2593
-27.3388,-7.4915,0.2641
-27.2275,-7.4624,0.2574
-27.1166,-7.4321,0.2650
-27.0056,-7.4029,0.2574
-26.8944,-7.3732,0.2615
-26.7832,-7.3428,0.2665
-26.6727,-7.3115,0.2713
-26.5618,-7.2812,0.2700
-26.4513,-7.2504,0.2690
-26.3404,-7.2213,0.2614
-26.2294,-7.1910,0.2644
-26.1184,-7.1620,0.2580
-26.0072,-7.1321,0.2607
-25.8955,-7.1019,0.2635
-25.7843,-7.0713,0.2671
-25.6733,-7.0413,0.2663
-25.5627,-7.0103,0.2706
-25.4517,-6.9803,0.2660
-25.3410,-6.9512,0.2585
-25.2307,-6.9241,0.2474
-25.1205,-6.8957,0.2500
-25.0098,-6.8671,0.2531
-24.8996,-6.8373,0.2596
-24.7894,-6.8084,0.2589
-24.6791,-6.7784,0.2635
-24.5683,-6.7477,0.2693
-24.4575,-6.7171,0.2680
-24.3462,-6.6866,0.2676
-24.2351,-6.6574,0.2588
-24.1239,-6.6276,0.2629
-24.0124,-6.5985,0.2551
-23.9019,-6.5695,0.2585
-23.7913,-6.5400,0.2577
-23.6807,-6.5117,0.2551
-23.5697,-6.4823,0.2578
-23.4588,-6.4517,0.2662
-23.3480,-6.4209,0.2691
-23.2371,-6.3902,0.2705
-23.1270,-6.3604,0.2647
-23.0160,-6.3301,0.2668
-22.9048,-6.2989,0.2724
-22.7947,-6.2672,0.2763
-22.6842,-6.2366,0.2726
-22.5746,-6.2067,0.2671
-22.4646,-6.1781,0.2594
-22.3544,-6.1482,0.2628
-22.2437,-6.1201,0.2524
-22.1326,-6.0909,0.2561
-22.0209,-6.0610,0.2604
-21.9094,-6.0307,0.2631
-21.7981,-6.0015,0.2591
-21.6871,-5.9710,0.2654
-21.5757,-5.9415,0.2608
-21.4634,-5.9122,0.2564
-21.3527,-5.8828,0.2614
-21.2418,-5.8524,0.2637
-21.1311,-5.8216,0.2703
-21.0208,-5.7919,0.2628
-20.9102,-5.7624,0.2636
-20.7995,-5.7325,0.2619
-20.6887,-5.7042,0.2555
-20.5782,-5.6737,0.2653
-20.4680,-5.6423,0.2740
-20.3577,-5.6126,0.2645
-20.2471,-5.5822,0.2683
-20.1365,-5.5531,0.2585
-20.0264,-5.5234,0.2650
-19.9163,-5.4923,0.2717
-19.8061,-5.4615,0.2699
-19.6955,-5.4329,0.2590
-19.5851,-5.4029,0.2644
-19.4742,-5.3737,0.2590
-19.3633,-5.3427,0.2694
-19.2525,-5.3129,0.2619
-19.1409,-5.2835,0.2599
-19.0291,-5.2531,0.2645
-18.9177,-5.2232,0.2617
-18.8066,-5.1952,0.2520
-18.6964,-5.1654,0.2607
-18.5856,-5.1367,0.2554
-18.4744,-5.1069,0.2597
-18.3636,-5.0764,0.2669
-18.2534,-5.0460,0.2662
-18.1427,-5.0169,0.2613
-18.0317,-4.9872,0.2611
-17.9205,-4.9586,0.2552
-17.8093,-4.9288,0.2597
-17.6981,-4.8999,0.2550
-17.5861,-4.8713,0.2511
-17.4745,-4.8436,0.2474
-17.3641,-4.8144,0.2554
-17.2544,-4.7849,0.2616
-17.1451,-4.7537,0.2714
-17.0353,-4.7233,0.2702
-16.9247,-4.6932,0.2671
-16.8143,-4.6624,0.2715
-16.7040,-4.6327,0.2636
-16.5937,-4.6025,0.2677
-16.4827,-4.5725,0.2632
-16.3718,-4.5426,0.2646
-16.2609,-4.5125,0.2630
-16.1501,-4.4832,0.2615
-16.0388,-4.4524,0.2668
-15.9271,-4.4213,0.2701
-15.8167,-4.3917,0.2642
-15.7070,-4.3604,0.2737
-15.5965,-4.3308,0.2642
-15.4853,-4.3009,0.2638
-15.3744,-4.2702,0.2687
-15.2635,-4.2391,0.2714
-15.1524,-4.2092,0.2656
-15.0414,-4.1792,0.2643
-14.9307,-4.1510,0.2534
-14.8200,-4.1216,0.2592
-14.7090,-4.0929,0.2530
-14.5982,-4.0636,0.2570
-14.4871,-4.0338,0.2613
-14.3763,-4.0033,0.2664
-14.2655,-3.9736,0.2636
-14.1546,-3.9435,0.2629
-14.0436,-3.9150,0.2566
-13.9332,-3.8850,0.2628
-13.8226,-3.8560,0.2587
-13.7122,-3.8258,0.2639
-13.6014,-3.7956,0.2667
-13.4907,-3.7650,0.2665
-13.3798,-3.7348,0.2682
-13.2694,-3.7048,0.2637
-13.1584,-3.6763,0.2567
-13.0472,-3.6466,0.2600
-12.9371,-3.6156,0.2713
-12.8266,-3.5849,0.2688
-12.7154,-3.5544,0.2689
-12.6050,-3.5245,0.2638
-12.4939,-3.4954,0.2594
-12.3827,-3.4663,0.2559
-12.2721,-3.4378,0.2546
-12.1610,-3.4089,0.2541
-12.0501,-3.3790,0.2624
-11.9391,-3.3489,0.2619
-11.8279,-3.3186,0.2652
-11.7169,-3.2888,0.2618
-11.6051,-3.2593,0.2595
-11.4931,-3.2293,0.2618
-11.3827,-3.1983,0.2695
-11.2724,-3.1686,0.2658
-11.1625,-3.1376,0.2721
-11.0519,-3.1077,0.2655
-10.9413,-3.0777,0.2648
-10.8308,-3.0492,0.2554
-10.7203,-3.0198,0.2589
-10.6090,-2.9903,0.2601
-10.4977,-2.9598,0.2651
-10.3867,-2.9303,0.2623
-10.2760,-2.8995,0.2686
-10.1649,-2.8696,0.2641
-10.0531,-2.8396,0.2629
-9.9413,-2.8092,0.2667
-9.8307,-2.7793,0.2621
-9.7205,-2.7498,0.2646
-9.6102,-2.7195,0.2649
-9.4995,-2.6903,0.2605
-9.3888,-2.6611,0.2578
-9.2782,-2.6333,0.2514
-9.1673,-2.6042,0.2547
-9.0562,-2.5745,0.2597
-8.9454,-2.5439,0.2658
-8.8344,-2.5136,0.2668
-8.7237,-2.4842,0.2604
-8.6136,-2.4542,0.2660
-8.5034,-2.4242,0.2656
-8.3931,-2.3929,0.2736
-8.2825,-2.3625,0.2695
-8.1716,-2.3320,0.2682
-8.0613,-2.3035,0.2570
-7.9511,-2.2739,0.2627
-7.8410,-2.2444,0.2602
-7.7303,-2.2145,0.2631
-7.6190,-2.1843,0.2653
-7.5082,-2.1531,0.2711
-7.3971,-2.1234,0.2635
-7.2860,-2.0933,0.2642
-7.1752,-2.0650,0.2534
-7.0651,-2.0357,0.2592
-6.9548,-2.0061,0.2616
-6.8445,-1.9760,0.2641
-6.7342,-1.9460,0.2667
-6.6242,-1.9156,0.2665
-6.5133,-1.8868,0.2588
-6.4022,-1.8571,0.2606
-6.2913,-1.8292,0.2497
-6.1803,-1.8001,0.2555
-6.0699,-1.7704,0.2622
-5.9600,-1.7394,0.2694
-5.8493,-1.7098,0.2632
-5.7380,-1.6796,0.2641
-5.6265,-1.6499,0.2619
-5.5147,-1.6200,0.2611
-5.4037,-1.5895,0.2659
-5.2929,-1.5591,0.2662
-5.1812,-1.5292,0.2625
-5.0695,-1.5006,0.2530
-4.9586,-1.4725,0.2523
-4.8480,-1.4432,0.2552
-4.7370,-1.4151,0.2509
-4.6254,-1.3864,0.2525
-4.5155,-1.3558,0.2669
-4.4058,-1.3263,0.2618
-4.2957,-1.2959,0.2679
-4.1853,-1.2660,0.2646
-4.0747,-1.2359,0.2642
-3.9642,-1.2077,0.2530
-3.8537,-1.1794,0.2552
-3.7431,-1.1495,0.2612
-3.6326,-1.1187,0.2684
-3.5222,-1.0881,0.2682
-3.4119,-1.0576,0.2693
-3.3013,-1.0287,0.2585
-3.1901,-0.9991,0.2610
-3.0793,-0.9691,0.2647
-2.9699,-0.9372,0.2780
-2.8601,-0.9058,0.2780
-2.7504,-0.8750,0.2726
-2.6399,-0.8461,0.2615
-2.5288,-0.8167,0.2614
-2.4180,-0.7885,0.2515
-2.3070,-0.7592,0.2576
-2.1959,-0.7290,0.2632
-2.0848,-0.6987,0.2651
-1.9740,-0.6687,0.2652
-1.8635,-0.6384,0.2646
-1.7526,-0.6097,0.2583
-1.6415,-0.5793,0.2648
-1.5298,-0.5484,0.2679
-1.4183,-0.5183,0.2634
-1.3070,-0.4882,0.2660
-1.1956,-0.4575,0.2679
-1.0848,-0.4259,0.2748
-0.9752,-0.3963,0.2651
-0.8646,-0.3674,0.2598
-0.7531,-0.3377,0.2608
-0.6417,-0.3074,0.2644
-0.5304,-0.2782,0.2583
-0.4199,-0.2480,0.2656
-0.3089,-0.2176,0.2645
-0.1973,-0.1874,0.2652
-0.0860,-0.1568,0.2672
0.0254,-0.1264,0.2662
0.1366,-0.0978,0.2550
0.2477,-0.0680,0.2611
0.3588,-0.0386,0.2582
0.4700,-0.0085,0.2620
0.5810,0.0196,0.2513
0.6921,0.0489,0.2574
0.8034,0.0791,0.2629
0.9138,0.1099,0.2675
1.0246,0.1389,0.2603
1.1354,0.1688,0.2621
1.2461,0.1975,0.2566
1.3565,0.2281,0.2675
1.4670,0.2598,0.2763
1.5769,0.2896,0.2654
1.6868,0.3189,0.2647
1.7965,0.3494,0.2676
1.9070,0.3789,0.2635
2.0171,0.4094,0.2675
2.1279,0.4384,0.2603
2.2396,0.4680,0.2592
2.3509,0.4981,0.2631
2.4620,0.5275,0.2581
2.5728,0.5565,0.2591
2.6828,0.5868,0.2640
2.7931,0.6167,0.2661
2.9037,0.6473,0.2688
3.0146,0.6784,0.2711
3.1253,0.7075,0.2603
3.2362,0.7373,0.2628
3.3467,0.7661,0.2564
3.4564,0.7962,0.2657
3.5663,0.8259,0.2616
3.6775,0.8547,0.2570
3.7894,0.8829,0.2493
3.9004,0.9121,0.2568
4.0112,0.9426,0.2648
4.1216,0.9737,0.2709
4.2321,1.0029,0.2603
4.3429,1.0332,0.2662
4.4539,1.0638,0.2686
4.5646,1.0946,0.2697
4.6759,1.1245,0.2653
4.7876,1.1547,0.2641
4.8989,1.1837,0.2585
5.0097,1.2142,0.2661
5.1205,1.2435,0.2596
5.2318,1.2727,0.2572
5.3433,1.3021,0.2594
